modelo,marca,placa,color,año,kilometraje,rentado,motor,precio_renta,ced_cliente,fecha_de_entrega
Model 3,Tesla,X103,Gris,2023,20502,Sí,Diesel,144,228996918,2024-11-14
Model 3,Ford,G591,Negro,2023,27450,Sí,Diesel,137,851342780,2024-11-14
Mustang,Tesla,N167,Rojo,2020,1783,Sí,Diesel,81,351943303,2024-11-14
Model S,Honda,L104,Gris,2019,32417,No,Gasolina,56,297332518,2024-11-14
X5,Honda,N984,Negro,2018,49726,No,Diesel,125,500173883,2024-11-14
Model S,Audi,A843,Gris,2018,4006,Sí,Eléctrico,45,296803046,2024-11-14
Corolla,Toyota,B443,Negro,2023,10761,Sí,Eléctrico,112,300754295,2024-11-14
Mustang,Tesla,Y982,Azul,2022,15915,No,Gasolina,108,888026533,2024-11-14
Model S,Toyota,Z225,Rojo,2021,18442,No,Gasolina,95,688428913,2024-11-14
Mustang,Audi,Y415,Azul,2020,11654,Sí,Gasolina,137,877872482,2024-11-14
A4,Tesla,X770,Gris,2023,12304,No,Diesel,130,400936455,2024-11-14
A4,BMW,V845,Azul,2021,17665,No,Eléctrico,87,817062133,2024-11-14
Mustang,Toyota,T283,Rojo,2020,19008,No,Gasolina,40,899188352,2024-11-14
X5,Honda,M998,Gris,2022,3581,No,Diesel,122,840718059,2024-11-14
A4,Tesla,L872,Gris,2022,8439,Sí,Eléctrico,133,688675114,2024-11-14
Camry,Toyota,R920,Blanco,2020,13826,Sí,Gasolina,43,199786718,2024-11-14
Civic,Tesla,S901,Azul,2019,25702,Sí,Eléctrico,69,830925642,2024-11-14
X5,Tesla,I287,Rojo,2019,38137,Sí,Eléctrico,149,145675261,2024-11-14
Model S,Audi,M849,Negro,2019,8752,Sí,Gasolina,115,972704573,2024-11-14
Corolla,Audi,B750,Negro,2019,20081,Sí,Diesel,145,588024566,2024-11-14
Accord,Toyota,V451,Rojo,2018,30263,Sí,Diesel,71,786072393,2024-11-14
Mustang,Audi,L888,Negro,2018,23906,Sí,Diesel,58,255636589,2024-11-14
A4,Audi,Y498,Rojo,2020,6042,Sí,Diesel,79,633389279,2024-11-14
Camry,Audi,P622,Blanco,2018,45933,No,Gasolina,127,268151207,2024-11-14
Corolla,Honda,O574,Blanco,2022,43397,Sí,Diesel,115,426587852,2024-11-14
Corolla,Honda,N667,Blanco,2020,44185,Sí,Eléctrico,108,757561300,2024-11-14
Corolla,Tesla,E507,Negro,2018,37126,Sí,Gasolina,107,807944516,2024-11-14
Camry,Audi,C250,Rojo,2022,8891,Sí,Gasolina,145,726476790,2024-11-14
Mustang,Audi,F353,Azul,2018,13354,No,Eléctrico,132,957960647,2024-11-14
Camry,BMW,Q328,Rojo,2021,19124,No,Eléctrico,120,898800001,2024-11-14
Mustang,Ford,V487,Negro,2019,46742,Sí,Eléctrico,101,498157611,2024-11-14
Model S,Ford,N788,Azul,2022,28027,Sí,Gasolina,74,906406410,2024-11-14
Accord,BMW,I410,Blanco,2019,28334,Sí,Eléctrico,44,688877262,2024-11-14
Camry,Toyota,C143,Rojo,2023,48637,Sí,Gasolina,52,607872842,2024-11-14
X5,BMW,C606,Negro,2018,7020,No,Eléctrico,139,897288916,2024-11-14
Camry,Honda,P669,Azul,2018,39294,No,Gasolina,101,404792092,2024-11-14
Corolla,Ford,G377,Gris,2019,36713,No,Eléctrico,62,945136074,2024-11-14
Accord,Tesla,Z453,Rojo,2022,42401,No,Eléctrico,98,493426018,2024-11-14
Civic,Tesla,M706,Negro,2023,29926,Sí,Gasolina,50,491092356,2024-11-14
X5,Toyota,O233,Azul,2020,26514,Sí,Gasolina,118,832799519,2024-11-14
X5,Toyota,B335,Azul,2020,34947,No,Gasolina,68,110882745,2024-11-14
Model S,Honda,N933,Gris,2022,46667,No,Diesel,142,375051470,2024-11-14
Model 3,Honda,U467,Azul,2023,10708,No,Diesel,118,518043258,2024-11-14
A4,Audi,A386,Rojo,2020,22280,Sí,Gasolina,71,509168905,2024-11-14
Accord,BMW,D630,Azul,2022,36398,Sí,Eléctrico,85,954575330,2024-11-14
Model S,Audi,U953,Negro,2019,24246,Sí,Eléctrico,44,144164621,2024-11-14
Model 3,Tesla,X894,Blanco,2018,8929,No,Eléctrico,92,154015719,2024-11-14
A4,Honda,P566,Gris,2022,17362,No,Eléctrico,50,670896013,2024-11-14
Accord,Toyota,R473,Azul,2020,34903,Sí,Eléctrico,54,395120623,2024-11-14
Corolla,Tesla,L917,Blanco,2019,26083,No,Gasolina,101,847162057,2024-11-14
Corolla,Ford,V186,Gris,2021,35554,Sí,Eléctrico,78,272406022,2024-11-14
Camry,Toyota,U614,Azul,2019,29535,Sí,Diesel,89,611657992,2024-11-14
Model 3,Toyota,W438,Gris,2023,18492,No,Eléctrico,108,896576769,2024-11-14
Civic,Tesla,O505,Gris,2023,49274,Sí,Diesel,86,975674733,2024-11-14
A4,Tesla,U568,Negro,2021,31325,No,Eléctrico,50,932196970,2024-11-14
Accord,BMW,L604,Negro,2018,12181,No,Diesel,121,815304676,2024-11-14
Model S,Toyota,M116,Azul,2022,13706,Sí,Diesel,108,482141364,2024-11-14
Model 3,Honda,P331,Blanco,2021,25396,Sí,Eléctrico,61,542689253,2024-11-14
X5,Tesla,Y676,Azul,2021,23801,No,Gasolina,86,276267896,2024-11-14
Civic,Toyota,X517,Blanco,2023,44234,Sí,Diesel,127,158556784,2024-11-14
Model 3,Audi,P780,Azul,2019,46985,Sí,Gasolina,127,779649402,2024-11-14
A4,Honda,P470,Negro,2020,35999,Sí,Gasolina,61,878782410,2024-11-14
X5,Toyota,O682,Rojo,2023,29364,Sí,Eléctrico,104,232241419,2024-11-14
Camry,Tesla,H452,Gris,2020,23514,Sí,Gasolina,110,649253518,2024-11-14
Model S,Ford,M893,Azul,2019,31064,No,Eléctrico,141,957993401,2024-11-14
Corolla,Tesla,U926,Rojo,2018,42103,Sí,Diesel,68,111053018,2024-11-14
Accord,Tesla,E972,Azul,2019,7337,Sí,Gasolina,109,701934247,2024-11-14
Corolla,Honda,J548,Gris,2018,6241,No,Eléctrico,118,939730432,2024-11-14
Mustang,Honda,S710,Negro,2018,28617,Sí,Eléctrico,129,359955627,2024-11-14
Model S,Tesla,U847,Rojo,2019,39427,No,Eléctrico,58,988198169,2024-11-14
Mustang,BMW,Z478,Negro,2018,37854,No,Gasolina,133,931215487,2024-11-14
Camry,BMW,C629,Negro,2021,24505,Sí,Diesel,75,268671078,2024-11-14
Model 3,Audi,L568,Azul,2020,43430,Sí,Gasolina,125,620805726,2024-11-14
Civic,Tesla,B209,Rojo,2021,11904,No,Eléctrico,71,455996572,2024-11-14
Mustang,Honda,O212,Blanco,2021,3887,Sí,Eléctrico,98,789013980,2024-11-14
Model 3,Toyota,L311,Azul,2021,46426,Sí,Diesel,70,904212635,2024-11-14
Accord,BMW,N609,Negro,2020,18619,Sí,Gasolina,54,459186584,2024-11-14
Camry,Audi,A385,Negro,2021,40036,No,Eléctrico,130,151815303,2024-11-14
Model S,Toyota,B981,Azul,2019,45936,Sí,Diesel,96,620999732,2024-11-14
Civic,Honda,X829,Negro,2018,10644,Sí,Eléctrico,142,577247098,2024-11-14
Model S,Honda,Z878,Blanco,2021,22642,Sí,Diesel,95,832415927,2024-11-14
A4,Tesla,T860,Rojo,2023,44157,Sí,Eléctrico,150,776715962,2024-11-14
Model S,BMW,W746,Azul,2023,1529,No,Diesel,118,440271510,2024-11-14
A4,Audi,M327,Azul,2020,25073,No,Gasolina,45,342548188,2024-11-14
A4,Honda,W804,Azul,2018,24557,Sí,Gasolina,83,265041678,2024-11-14
Accord,Toyota,C494,Gris,2022,11215,No,Gasolina,145,678690050,2024-11-14
X5,BMW,E865,Gris,2023,14814,No,Diesel,78,879724230,2024-11-14
Civic,Tesla,R760,Rojo,2019,5117,No,Eléctrico,72,944231717,2024-11-14
Accord,Tesla,F448,Blanco,2023,35457,Sí,Diesel,107,657157099,2024-11-14
Mustang,BMW,L430,Azul,2022,17929,Sí,Gasolina,94,101813044,2024-11-14
X5,Toyota,T124,Blanco,2019,4501,Sí,Diesel,131,874133339,2024-11-14
A4,BMW,V640,Azul,2022,17270,No,Diesel,107,257203916,2024-11-14
A4,Toyota,Z586,Blanco,2021,46849,Sí,Gasolina,125,769785936,2024-11-14
A4,Audi,K386,Gris,2019,6471,No,Gasolina,64,368610721,2024-11-14
Accord,Ford,H194,Azul,2019,22967,Sí,Gasolina,119,496154135,2024-11-14
A4,Tesla,L207,Rojo,2022,8922,No,Gasolina,74,168061575,2024-11-14
Corolla,Toyota,E183,Negro,2020,30374,Sí,Gasolina,67,439751194,2024-11-14
Corolla,Tesla,E170,Rojo,2022,44394,No,Gasolina,91,930321195,2024-11-14
Accord,Ford,U474,Azul,2018,15735,Sí,Diesel,54,412367311,2024-11-14
Corolla,BMW,U980,Negro,2019,34609,Sí,Diesel,145,127494916,2024-11-14
Mustang,Ford,C435,Blanco,2020,38050,No,Diesel,136,498261788,2024-11-14
Model 3,Ford,Q669,Negro,2019,32885,No,Eléctrico,138,977742379,2024-11-14
Model S,Honda,V868,Rojo,2019,33931,No,Diesel,148,355228966,2024-11-14
Model 3,Audi,H795,Blanco,2022,5482,Sí,Gasolina,145,193582119,2024-11-14
Model S,BMW,S941,Rojo,2020,29828,No,Gasolina,131,417407631,2024-11-14
Civic,Honda,P457,Gris,2021,40816,Sí,Diesel,53,878324781,2024-11-14
Model S,Tesla,C519,Negro,2018,23265,No,Gasolina,100,512378910,2024-11-14
Camry,Toyota,Z912,Gris,2023,31160,No,Gasolina,79,589930066,2024-11-14
Accord,Audi,I588,Rojo,2019,43006,No,Eléctrico,138,350303411,2024-11-14
Mustang,Audi,F812,Azul,2018,12627,No,Gasolina,127,495247976,2024-11-14
Mustang,Toyota,V657,Azul,2020,16261,No,Gasolina,98,773752601,2024-11-14
X5,BMW,L624,Gris,2022,44064,No,Diesel,80,240438775,2024-11-14
A4,BMW,V225,Blanco,2023,29673,Sí,Diesel,101,497192942,2024-11-14
Mustang,Toyota,T695,Azul,2018,10040,Sí,Diesel,126,397168861,2024-11-14
Model 3,Tesla,P864,Blanco,2022,21531,No,Diesel,103,499942361,2024-11-14
Civic,Toyota,R578,Blanco,2021,26933,No,Gasolina,106,522392988,2024-11-14
Accord,Tesla,L805,Gris,2021,46427,No,Gasolina,62,490680594,2024-11-14
Model S,Audi,R265,Negro,2020,28229,Sí,Diesel,145,471756497,2024-11-14
Model 3,Audi,T958,Rojo,2022,16909,No,Diesel,86,120089698,2024-11-14
Corolla,Audi,H539,Negro,2019,31150,Sí,Diesel,48,809159860,2024-11-14
Mustang,Tesla,K202,Negro,2019,4659,Sí,Diesel,111,828921937,2024-11-14
A4,Honda,I113,Azul,2018,16653,Sí,Diesel,92,222832416,2024-11-14
X5,Tesla,C821,Negro,2023,36116,Sí,Diesel,146,984114479,2024-11-14
Model 3,Audi,H641,Azul,2018,38212,Sí,Diesel,123,722271305,2024-11-14
A4,Tesla,X200,Negro,2020,13768,Sí,Gasolina,132,653058659,2024-11-14
Civic,Ford,T754,Blanco,2023,5207,Sí,Eléctrico,46,163359938,2024-11-14
A4,Tesla,Z844,Rojo,2020,48534,Sí,Diesel,61,110121496,2024-11-14
Model 3,Audi,C377,Gris,2023,24580,No,Diesel,145,275145318,2024-11-14
Camry,Ford,K924,Rojo,2022,44483,Sí,Eléctrico,42,315971039,2024-11-14
Corolla,BMW,V962,Azul,2022,39557,Sí,Gasolina,96,546625569,2024-11-14
Corolla,Ford,V150,Azul,2019,30224,No,Diesel,133,102706593,2024-11-14
Mustang,Tesla,F943,Rojo,2021,3741,Sí,Gasolina,98,278598293,2024-11-14
Camry,Toyota,B305,Gris,2020,30752,No,Eléctrico,132,762208629,2024-11-14
Civic,BMW,V392,Rojo,2023,15740,Sí,Diesel,127,462894772,2024-11-14
A4,Honda,Z810,Negro,2021,1480,Sí,Eléctrico,58,784389474,2024-11-14
X5,Tesla,S388,Negro,2020,42496,No,Gasolina,107,686217778,2024-11-14
Accord,Honda,O888,Negro,2019,24997,No,Gasolina,86,843357166,2024-11-14
Camry,Toyota,Z947,Azul,2020,27282,No,Diesel,59,897951479,2024-11-14
A4,Tesla,S704,Rojo,2023,12944,No,Eléctrico,117,879165972,2024-11-14
Civic,Ford,L643,Rojo,2023,30683,Sí,Diesel,124,136190718,2024-11-14
X5,Tesla,Y851,Blanco,2021,5150,No,Gasolina,64,812302744,2024-11-14
Civic,Toyota,M776,Blanco,2023,42039,Sí,Diesel,75,458086981,2024-11-14
Camry,Honda,T813,Rojo,2019,4757,No,Gasolina,112,643207558,2024-11-14
A4,Ford,P865,Gris,2019,4072,No,Gasolina,47,401326708,2024-11-14
A4,Toyota,W569,Blanco,2020,35824,Sí,Eléctrico,97,840203369,2024-11-14
X5,Audi,X321,Rojo,2020,31082,No,Gasolina,48,963758220,2024-11-14
Civic,Audi,G878,Gris,2023,25191,No,Gasolina,124,817825734,2024-11-14
Corolla,Honda,D132,Gris,2023,35954,No,Diesel,131,961720768,2024-11-14
Camry,Audi,B534,Azul,2021,31328,Sí,Eléctrico,69,744933596,2024-11-14
X5,Tesla,N845,Rojo,2019,36079,No,Diesel,88,949173918,2024-11-14
Camry,Tesla,R670,Negro,2019,42357,No,Eléctrico,142,517821124,2024-11-14
Corolla,BMW,V234,Blanco,2021,6634,No,Gasolina,118,387906097,2024-11-14
X5,Honda,E871,Blanco,2021,3584,No,Gasolina,57,173648701,2024-11-14
X5,BMW,K214,Negro,2022,15826,No,Eléctrico,54,398903488,2024-11-14
Model S,Tesla,P227,Rojo,2020,9599,No,Eléctrico,77,409925786,2024-11-14
Camry,Audi,O131,Blanco,2021,7522,Sí,Eléctrico,53,190646761,2024-11-14
Model 3,Audi,S175,Gris,2021,3101,Sí,Diesel,66,425864034,2024-11-14
Mustang,BMW,Y372,Azul,2019,38277,No,Diesel,55,762552139,2024-11-14
Corolla,Tesla,B992,Rojo,2022,17921,No,Gasolina,136,709256012,2024-11-14
Accord,Honda,V483,Negro,2019,28236,No,Gasolina,143,193830485,2024-11-14
X5,Toyota,H730,Negro,2018,12033,No,Diesel,52,302782980,2024-11-14
Corolla,Audi,B638,Rojo,2021,41854,Sí,Gasolina,67,309896029,2024-11-14
Camry,Tesla,J656,Blanco,2023,39269,No,Eléctrico,72,705302347,2024-11-14
Model 3,Toyota,X974,Azul,2021,25860,No,Diesel,115,903255920,2024-11-14
Civic,Ford,B989,Azul,2019,16743,No,Diesel,43,720592871,2024-11-14
Mustang,Tesla,S580,Negro,2020,24111,No,Eléctrico,62,649859692,2024-11-14
Accord,Ford,V920,Rojo,2022,47184,Sí,Gasolina,105,519029586,2024-11-14
A4,Honda,D661,Rojo,2020,1864,No,Gasolina,144,566303658,2024-11-14
Camry,Honda,K700,Gris,2023,21629,Sí,Diesel,142,127590411,2024-11-14
Accord,Toyota,S536,Gris,2021,27216,Sí,Gasolina,122,547270636,2024-11-14
Mustang,Toyota,D978,Negro,2019,20929,Sí,Eléctrico,84,590609307,2024-11-14
Mustang,Tesla,I315,Negro,2018,43345,Sí,Gasolina,130,507771699,2024-11-14
X5,Honda,D949,Negro,2021,48607,No,Eléctrico,113,683247720,2024-11-14
Model S,Ford,W982,Rojo,2018,32706,Sí,Diesel,128,210086049,2024-11-14
Camry,Audi,C318,Rojo,2020,11003,No,Eléctrico,54,663486311,2024-11-14
A4,BMW,D485,Rojo,2023,16954,No,Gasolina,150,149350226,2024-11-14
Corolla,BMW,T529,Negro,2020,17436,No,Diesel,74,651396133,2024-11-14
Corolla,Audi,K308,Azul,2020,48079,No,Eléctrico,105,254658613,2024-11-14
Camry,Ford,M375,Rojo,2023,47838,Sí,Eléctrico,130,501534519,2024-11-14
Camry,Toyota,D172,Gris,2023,49573,Sí,Diesel,60,923062377,2024-11-14
A4,Tesla,J214,Azul,2018,36578,Sí,Gasolina,91,855035320,2024-11-14
Model S,Toyota,S856,Blanco,2020,2741,Sí,Gasolina,88,762063674,2024-11-14
Civic,BMW,H505,Rojo,2019,31253,No,Gasolina,138,816141987,2024-11-14
Corolla,Audi,P192,Rojo,2022,42861,No,Eléctrico,122,921656664,2024-11-14
X5,Honda,U121,Negro,2020,22859,No,Eléctrico,108,165072203,2024-11-14
Civic,Ford,I257,Gris,2022,15877,No,Diesel,148,521351786,2024-11-14
A4,Tesla,P938,Blanco,2021,33996,No,Gasolina,102,491008556,2024-11-14
Civic,Tesla,D111,Rojo,2022,20366,Sí,Gasolina,80,251142706,2024-11-14
Camry,Toyota,C433,Negro,2020,37064,No,Eléctrico,118,465655905,2024-11-14
Model 3,BMW,I146,Gris,2020,11653,No,Gasolina,103,167762987,2024-11-14
Accord,Ford,D123,Gris,2020,14801,No,Gasolina,44,375752626,2024-11-14
Corolla,Toyota,N859,Negro,2020,6426,No,Gasolina,145,231163326,2024-11-14
Corolla,Toyota,C546,Negro,2023,16324,Sí,Gasolina,77,772787037,2024-11-14
X5,Ford,W713,Rojo,2018,38531,No,Eléctrico,83,519739349,2024-11-14
Accord,Honda,M655,Azul,2021,1425,Sí,Eléctrico,97,904682489,2024-11-14
Model 3,Audi,F806,Negro,2018,19895,No,Eléctrico,70,239301383,2024-11-14
X5,Tesla,Z705,Azul,2020,23003,Sí,Gasolina,54,831757482,2024-11-14
Camry,Honda,A211,Rojo,2023,18716,No,Diesel,98,454354086,2024-11-14
Corolla,Ford,V241,Gris,2018,27125,Sí,Diesel,101,758141375,2024-11-14
A4,Honda,M770,Azul,2019,24767,Sí,Diesel,111,838457823,2024-11-14
Model S,BMW,S253,Blanco,2019,1199,No,Diesel,45,196981965,2024-11-14
Corolla,BMW,E296,Azul,2018,5370,No,Gasolina,121,568293370,2024-11-14
Camry,Honda,Y511,Rojo,2022,20676,No,Diesel,41,878093059,2024-11-14
Camry,Tesla,M446,Rojo,2022,5637,Sí,Gasolina,43,322822428,2024-11-14
Model S,Tesla,L501,Blanco,2022,43479,Sí,Diesel,132,219541525,2024-11-14
Model 3,Audi,H307,Gris,2018,42437,Sí,Eléctrico,53,403803179,2024-11-14
X5,Tesla,W459,Gris,2022,32276,Sí,Gasolina,120,711481786,2024-11-14
Mustang,Tesla,V276,Blanco,2023,3091,No,Diesel,68,765146549,2024-11-14
X5,Audi,O323,Azul,2020,15173,No,Eléctrico,54,793559789,2024-11-14
X5,BMW,Q441,Rojo,2022,40423,Sí,Eléctrico,72,281646411,2024-11-14
Civic,Honda,M512,Gris,2022,15822,No,Eléctrico,48,692211178,2024-11-14
Accord,Ford,T689,Azul,2018,26618,Sí,Gasolina,59,476688644,2024-11-14
A4,BMW,N690,Rojo,2023,48145,Sí,Eléctrico,86,923230757,2024-11-14
Model 3,Toyota,H389,Rojo,2018,15182,No,Eléctrico,73,977564754,2024-11-14
Accord,Ford,N578,Azul,2022,17565,No,Gasolina,88,730737957,2024-11-14
Corolla,Tesla,I776,Rojo,2019,30777,Sí,Diesel,85,367017743,2024-11-14
Accord,Toyota,B773,Negro,2022,47916,Sí,Eléctrico,62,378287422,2024-11-14
Mustang,Ford,Q170,Blanco,2020,28911,No,Eléctrico,97,154960400,2024-11-14
X5,BMW,F429,Blanco,2022,42177,No,Diesel,54,949839356,2024-11-14
Model 3,Audi,L523,Negro,2022,1130,Sí,Eléctrico,136,110890303,2024-11-14
A4,Toyota,Z468,Gris,2020,16912,No,Diesel,70,451761539,2024-11-14
Accord,Tesla,A405,Blanco,2019,14175,No,Gasolina,136,753789835,2024-11-14
A4,Audi,Q341,Azul,2022,22663,Sí,Gasolina,63,929534337,2024-11-14
Model S,Toyota,L216,Blanco,2023,3695,Sí,Gasolina,145,142249238,2024-11-14
A4,Audi,F478,Gris,2022,5426,No,Eléctrico,144,753176628,2024-11-14
Accord,Ford,J328,Rojo,2022,33238,Sí,Diesel,136,913642226,2024-11-14
Model S,Tesla,Q291,Blanco,2018,6850,No,Diesel,149,117932884,2024-11-14
Civic,Ford,H557,Gris,2021,43021,No,Diesel,88,619099750,2024-11-14
A4,Honda,G293,Blanco,2018,20997,Sí,Gasolina,125,565586657,2024-11-14
Model 3,Ford,U137,Blanco,2021,41728,No,Diesel,143,424606634,2024-11-14
Model 3,Honda,R633,Gris,2020,18894,Sí,Eléctrico,55,413501225,2024-11-14
Model 3,Toyota,Z982,Blanco,2019,9581,Sí,Eléctrico,90,239758195,2024-11-14
A4,Toyota,F673,Azul,2019,17662,No,Eléctrico,66,451934363,2024-11-14
Model S,Toyota,P846,Negro,2023,15860,No,Eléctrico,149,358273563,2024-11-14
Accord,Honda,R147,Negro,2023,20454,Sí,Gasolina,137,594991305,2024-11-14
Camry,Audi,W691,Gris,2018,3719,Sí,Diesel,84,363693406,2024-11-14
Accord,Audi,A776,Rojo,2018,25212,No,Gasolina,142,828286309,2024-11-14
Mustang,Honda,W759,Rojo,2022,6450,Sí,Diesel,113,393461286,2024-11-14
Mustang,Honda,U883,Gris,2018,4387,No,Gasolina,63,798460891,2024-11-14
A4,BMW,B316,Negro,2022,41218,Sí,Diesel,98,277669898,2024-11-14
Model S,Ford,W153,Blanco,2018,17844,No,Diesel,73,734459864,2024-11-14
Corolla,Tesla,O756,Azul,2020,41468,No,Eléctrico,93,949724616,2024-11-14
Mustang,Honda,R359,Azul,2022,41755,Sí,Gasolina,58,726928077,2024-11-14
Civic,Audi,C678,Negro,2020,15166,Sí,Gasolina,101,976610797,2024-11-14
Model 3,Honda,G777,Gris,2021,21319,Sí,Eléctrico,91,858251080,2024-11-14
Corolla,Honda,S527,Gris,2019,48069,No,Eléctrico,131,483128990,2024-11-14
Corolla,Honda,K412,Blanco,2021,17833,No,Eléctrico,79,900259863,2024-11-14
A4,Audi,O321,Gris,2022,40821,No,Eléctrico,83,384104421,2024-11-14
Model S,Tesla,M318,Azul,2023,30880,No,Diesel,58,824630181,2024-11-14
Model S,Toyota,S601,Blanco,2019,16278,No,Gasolina,105,222840237,2024-11-14
Civic,Ford,C333,Rojo,2021,27471,Sí,Eléctrico,114,914950622,2024-11-14
Corolla,BMW,J168,Blanco,2018,15194,Sí,Eléctrico,83,140383765,2024-11-14
Model 3,Honda,Y228,Rojo,2022,33709,No,Gasolina,123,651327363,2024-11-14
Civic,BMW,H917,Azul,2019,25326,No,Gasolina,120,295607468,2024-11-14
Accord,Toyota,K745,Gris,2021,31999,Sí,Gasolina,109,993074543,2024-11-14
Model S,BMW,O583,Blanco,2018,8541,Sí,Diesel,50,569707922,2024-11-14
X5,Honda,F510,Blanco,2023,11784,No,Eléctrico,68,937594408,2024-11-14
Camry,Audi,Z121,Negro,2023,24078,No,Eléctrico,147,251029534,2024-11-14
Mustang,Audi,Y553,Rojo,2018,39536,Sí,Diesel,145,835445720,2024-11-14
Model 3,Ford,U383,Gris,2021,14624,Sí,Diesel,101,133633793,2024-11-14
Corolla,Toyota,L790,Blanco,2020,49846,Sí,Gasolina,46,372933329,2024-11-14
Accord,Audi,B782,Negro,2023,8901,No,Diesel,93,601283574,2024-11-14
Accord,BMW,T588,Azul,2019,28288,No,Diesel,92,840776960,2024-11-14
A4,Audi,L635,Rojo,2021,43834,Sí,Eléctrico,87,187314955,2024-11-14
A4,Audi,Q678,Blanco,2023,5581,Sí,Eléctrico,54,928115672,2024-11-14
Corolla,Tesla,K910,Gris,2023,35726,Sí,Eléctrico,103,344612411,2024-11-14
Mustang,Toyota,P178,Blanco,2023,32871,Sí,Gasolina,71,334768286,2024-11-14
Model S,Ford,S885,Blanco,2020,31505,Sí,Diesel,134,179380317,2024-11-14
A4,Honda,B609,Azul,2018,37717,No,Diesel,53,756152824,2024-11-14
X5,Tesla,Y418,Azul,2023,22713,No,Eléctrico,86,129496964,2024-11-14
Civic,Audi,N466,Blanco,2019,10869,Sí,Gasolina,43,768129375,2024-11-14
Corolla,BMW,R229,Gris,2018,23321,No,Eléctrico,58,324588009,2024-11-14
Accord,Audi,G500,Negro,2023,24630,No,Eléctrico,122,285627904,2024-11-14
Model S,Audi,Z264,Blanco,2022,38547,Sí,Diesel,52,217975626,2024-11-14
Model S,Audi,E807,Rojo,2021,42076,No,Eléctrico,88,315537544,2024-11-14
A4,BMW,F635,Blanco,2022,12957,No,Gasolina,147,172873386,2024-11-14
Mustang,Audi,Z600,Azul,2022,48346,No,Diesel,114,864334336,2024-11-14
Camry,Toyota,C482,Rojo,2019,34014,Sí,Diesel,134,241679381,2024-11-14
A4,Honda,L770,Rojo,2020,42134,No,Diesel,112,283159254,2024-11-14
Model 3,Honda,Z928,Azul,2023,27345,Sí,Diesel,60,663104753,2024-11-14
Camry,Tesla,N234,Negro,2021,48220,Sí,Diesel,103,723029601,2024-11-14
X5,BMW,Z966,Rojo,2019,34056,Sí,Eléctrico,70,467298059,2024-11-14
Model 3,Ford,G150,Azul,2020,10118,Sí,Gasolina,99,656097912,2024-11-14
Civic,Ford,C182,Azul,2022,6096,Sí,Eléctrico,45,925454355,2024-11-14
Camry,BMW,L590,Negro,2020,33663,No,Eléctrico,60,773553008,2024-11-14
Corolla,Honda,E815,Rojo,2021,5368,No,Diesel,56,442958891,2024-11-14
Camry,BMW,T854,Gris,2020,11790,Sí,Diesel,91,542187118,2024-11-14
Mustang,Tesla,R316,Negro,2020,42331,Sí,Eléctrico,122,428920492,2024-11-14
X5,BMW,H365,Negro,2019,29942,No,Gasolina,81,763317998,2024-11-14
Model S,Audi,T708,Negro,2023,35978,Sí,Diesel,139,498092352,2024-11-14
Camry,Tesla,W449,Gris,2019,40218,Sí,Gasolina,96,987672353,2024-11-14
Corolla,Audi,U710,Negro,2021,19497,No,Diesel,147,209234090,2024-11-14
Mustang,Toyota,W207,Blanco,2023,17590,Sí,Eléctrico,117,694844872,2024-11-14
Mustang,Audi,R774,Azul,2022,31265,No,Gasolina,85,959460164,2024-11-14
Model 3,Tesla,F886,Rojo,2021,46415,Sí,Diesel,53,732149524,2024-11-14
A4,Tesla,G893,Blanco,2018,6379,No,Diesel,127,148524229,2024-11-14
Camry,BMW,K541,Negro,2018,13421,No,Gasolina,136,229978116,2024-11-14
Mustang,BMW,Y706,Negro,2023,47762,No,Eléctrico,138,868717699,2024-11-14
X5,BMW,X105,Rojo,2022,19517,No,Gasolina,134,863373682,2024-11-14
Model 3,Honda,R246,Negro,2022,30417,Sí,Diesel,79,510572529,2024-11-14
Model S,BMW,W129,Blanco,2023,8922,No,Eléctrico,104,804004533,2024-11-14
Accord,Honda,G837,Negro,2019,45114,No,Gasolina,133,811621873,2024-11-14
A4,Honda,S800,Negro,2021,36195,Sí,Diesel,66,428961810,2024-11-14
Camry,BMW,V578,Azul,2022,22509,Sí,Diesel,125,655030107,2024-11-14
A4,Honda,Z729,Negro,2019,39482,Sí,Diesel,70,840997528,2024-11-14
X5,Tesla,Z496,Negro,2021,47157,No,Gasolina,45,222589433,2024-11-14
Corolla,Toyota,I984,Azul,2019,41253,No,Diesel,138,251097002,2024-11-14
Model S,Honda,S334,Negro,2018,30264,Sí,Eléctrico,149,243006887,2024-11-14
Accord,Ford,Z156,Blanco,2022,29848,No,Gasolina,57,658146655,2024-11-14
Corolla,Ford,K402,Azul,2020,12737,Sí,Eléctrico,46,319037077,2024-11-14
Model 3,Ford,R727,Gris,2020,36187,Sí,Diesel,111,824582652,2024-11-14
X5,Ford,S798,Rojo,2018,28708,No,Gasolina,82,694918180,2024-11-14
Corolla,Honda,N506,Azul,2018,13521,Sí,Gasolina,82,941712748,2024-11-14
Corolla,Audi,Q245,Gris,2021,22342,Sí,Diesel,83,581826630,2024-11-14
Model 3,Toyota,Y257,Negro,2018,45890,Sí,Eléctrico,89,604473350,2024-11-14
A4,Ford,Q450,Negro,2023,44746,Sí,Diesel,76,351263380,2024-11-14
Accord,Audi,V322,Negro,2020,17043,Sí,Eléctrico,75,677879753,2024-11-14
Model 3,Toyota,H869,Azul,2020,9461,No,Eléctrico,124,477737231,2024-11-14
Civic,Toyota,D388,Azul,2023,42358,Sí,Eléctrico,133,579232326,2024-11-14
Model 3,BMW,L187,Negro,2021,36109,No,Eléctrico,98,477195651,2024-11-14
Corolla,Tesla,F866,Azul,2019,20510,No,Diesel,103,586444273,2024-11-14
Corolla,Tesla,Q634,Gris,2021,26480,Sí,Gasolina,103,503807409,2024-11-14
Accord,Honda,O994,Azul,2018,37585,Sí,Diesel,108,630522690,2024-11-14
Corolla,Ford,K399,Gris,2021,21266,No,Diesel,95,336199768,2024-11-14
Civic,Audi,S939,Azul,2018,11522,Sí,Gasolina,51,138966457,2024-11-14
Camry,Toyota,O661,Negro,2023,12211,Sí,Diesel,51,138146420,2024-11-14
Accord,Toyota,K430,Blanco,2018,5532,No,Diesel,148,539993939,2024-11-14
Model 3,Audi,N523,Rojo,2019,32258,Sí,Diesel,45,690254866,2024-11-14
Civic,Audi,H199,Negro,2021,26231,Sí,Gasolina,80,820137942,2024-11-14
Model 3,Ford,F242,Negro,2022,21894,Sí,Gasolina,105,126881856,2024-11-14
Model S,BMW,A321,Gris,2023,16770,Sí,Gasolina,66,101635320,2024-11-14
Camry,Tesla,L445,Rojo,2020,13098,Sí,Gasolina,128,797649162,2024-11-14
A4,Honda,Z216,Azul,2021,20632,Sí,Gasolina,121,587475617,2024-11-14
Model 3,Audi,D467,Negro,2020,43661,Sí,Eléctrico,92,118437723,2024-11-14
A4,Ford,G947,Gris,2022,30006,Sí,Gasolina,82,377502153,2024-11-14
Civic,Tesla,Y843,Azul,2018,33537,No,Diesel,143,324866965,2024-11-14
Corolla,Honda,J121,Azul,2021,11039,Sí,Diesel,121,694092682,2024-11-14
Mustang,Toyota,Y264,Rojo,2020,48861,Sí,Gasolina,139,124853006,2024-11-14
Model S,BMW,A238,Negro,2020,25252,No,Diesel,130,330045362,2024-11-14
Camry,Tesla,I457,Azul,2022,22120,Sí,Diesel,120,859862323,2024-11-14
X5,Audi,Y961,Gris,2019,21842,No,Eléctrico,146,349073017,2024-11-14
Mustang,Tesla,J829,Negro,2022,8265,Sí,Diesel,144,971973559,2024-11-14
Mustang,Audi,O892,Gris,2018,8698,No,Diesel,99,528052024,2024-11-14
Mustang,Honda,L119,Negro,2023,46283,Sí,Eléctrico,144,647742365,2024-11-14
Civic,Audi,Y671,Azul,2023,2167,No,Eléctrico,66,527790332,2024-11-14
Camry,Audi,X239,Rojo,2020,10320,Sí,Eléctrico,101,957175449,2024-11-14
Model 3,Tesla,X749,Rojo,2019,37687,Sí,Eléctrico,136,930504955,2024-11-14
X5,Ford,K214,Blanco,2022,10881,No,Diesel,140,795878590,2024-11-14
Corolla,Audi,L117,Gris,2021,20207,No,Gasolina,62,863568053,2024-11-14
Camry,Ford,B968,Blanco,2023,37542,No,Diesel,84,663314836,2024-11-14
Accord,Ford,Q190,Azul,2019,35100,No,Gasolina,136,437191948,2024-11-14
A4,Ford,H108,Azul,2019,5914,Sí,Diesel,53,492517589,2024-11-14
X5,Audi,V897,Gris,2020,33445,Sí,Eléctrico,139,998782194,2024-11-14
A4,BMW,A885,Azul,2019,27985,No,Diesel,134,322662641,2024-11-14
Camry,Ford,B188,Blanco,2018,47738,Sí,Eléctrico,89,240577746,2024-11-14
Accord,Audi,V725,Negro,2019,44899,Sí,Eléctrico,92,191223030,2024-11-14
Civic,Audi,M367,Gris,2018,30717,No,Eléctrico,126,499814142,2024-11-14
X5,Honda,G534,Rojo,2023,27479,No,Diesel,97,459812695,2024-11-14
Model 3,BMW,I364,Blanco,2022,25978,Sí,Eléctrico,65,828925926,2024-11-14
Mustang,BMW,L759,Azul,2019,24468,No,Diesel,131,681216514,2024-11-14
Accord,Honda,R851,Negro,2020,38049,Sí,Diesel,71,311931390,2024-11-14
Model S,Ford,U766,Blanco,2020,39402,Sí,Eléctrico,102,116036981,2024-11-14
Camry,Ford,U887,Rojo,2018,2474,Sí,Eléctrico,40,781890829,2024-11-14
Model 3,Honda,E763,Blanco,2023,15647,No,Eléctrico,47,521482173,2024-11-14
Model 3,Honda,L395,Gris,2020,20023,Sí,Diesel,98,806770905,2024-11-14
Model 3,Honda,M170,Gris,2022,10466,Sí,Eléctrico,97,636214855,2024-11-14
A4,Toyota,U577,Gris,2023,1406,No,Gasolina,139,575173207,2024-11-14
Model 3,Honda,K415,Gris,2023,28060,Sí,Diesel,138,179830551,2024-11-14
Model S,Toyota,J785,Blanco,2020,41193,Sí,Eléctrico,96,279999370,2024-11-14
Model 3,Ford,I393,Negro,2022,35970,Sí,Diesel,91,290769812,2024-11-14
Model 3,Ford,H989,Gris,2020,42338,Sí,Eléctrico,99,707159629,2024-11-14
A4,Toyota,B829,Rojo,2022,14042,Sí,Eléctrico,120,324550022,2024-11-14
Model 3,Audi,S404,Azul,2019,20283,No,Gasolina,83,531210422,2024-11-14
Corolla,BMW,W787,Blanco,2020,1042,Sí,Eléctrico,79,617044372,2024-11-14
Model S,BMW,P439,Negro,2023,16278,Sí,Diesel,147,729354477,2024-11-14
Corolla,Tesla,R715,Azul,2023,47773,No,Eléctrico,113,697557766,2024-11-14
Corolla,Ford,P162,Rojo,2023,43696,Sí,Eléctrico,62,527083035,2024-11-14
X5,Toyota,E781,Negro,2018,28595,Sí,Eléctrico,133,242163283,2024-11-14
Accord,Tesla,G452,Negro,2022,13989,Sí,Eléctrico,94,886512893,2024-11-14
Model S,Audi,L104,Rojo,2019,47885,Sí,Diesel,129,867032283,2024-11-14
Corolla,BMW,J237,Negro,2018,33053,Sí,Diesel,89,510923268,2024-11-14
Model S,Tesla,Y155,Gris,2018,28635,No,Gasolina,124,603442531,2024-11-14
X5,Audi,U630,Gris,2019,7281,Sí,Eléctrico,113,269764703,2024-11-14
A4,BMW,E923,Negro,2018,47731,Sí,Gasolina,42,494134571,2024-11-14
A4,BMW,C673,Negro,2018,44015,Sí,Diesel,119,917208500,2024-11-14
X5,Toyota,N337,Negro,2018,7334,Sí,Gasolina,139,689210744,2024-11-14
Mustang,Audi,E887,Negro,2019,46419,No,Gasolina,107,516267532,2024-11-14
Accord,Tesla,B634,Rojo,2023,22829,No,Eléctrico,57,667261322,2024-11-14
Civic,Ford,W939,Gris,2022,41869,Sí,Eléctrico,92,199710072,2024-11-14
Model S,Tesla,I695,Blanco,2018,40672,No,Gasolina,78,966052055,2024-11-14
Model 3,Tesla,Y295,Gris,2021,14388,Sí,Eléctrico,145,211085672,2024-11-14
Corolla,BMW,F255,Negro,2023,38195,No,Gasolina,141,784005857,2024-11-14
Corolla,Toyota,T490,Negro,2019,7834,Sí,Eléctrico,147,722693769,2024-11-14
A4,BMW,E683,Azul,2021,28421,Sí,Eléctrico,135,147380349,2024-11-14
Model 3,Toyota,P927,Gris,2018,35522,No,Gasolina,88,217229489,2024-11-14
A4,BMW,A476,Azul,2018,20828,Sí,Diesel,85,124169823,2024-11-14
Corolla,BMW,F869,Rojo,2022,8656,Sí,Eléctrico,110,833665615,2024-11-14
Accord,Ford,B677,Blanco,2019,44854,Sí,Diesel,55,709185155,2024-11-14
A4,Audi,K296,Blanco,2022,5594,No,Diesel,75,684678439,2024-11-14
Mustang,Ford,N705,Blanco,2021,41286,No,Diesel,114,506949719,2024-11-14
Accord,Ford,H420,Gris,2022,2967,Sí,Eléctrico,130,495276942,2024-11-14
Corolla,BMW,L556,Negro,2022,34583,Sí,Gasolina,74,433019352,2024-11-14
Mustang,Honda,J431,Blanco,2019,1750,Sí,Gasolina,104,625099865,2024-11-14
Corolla,BMW,Q922,Blanco,2021,32523,Sí,Diesel,111,485452857,2024-11-14
Model 3,Tesla,P260,Blanco,2022,37037,No,Diesel,58,615550827,2024-11-14
A4,BMW,S782,Negro,2022,47198,No,Diesel,64,970648549,2024-11-14
Camry,Honda,W594,Blanco,2019,1080,Sí,Eléctrico,129,791062223,2024-11-14
Camry,Tesla,S253,Azul,2019,7031,No,Diesel,130,541150873,2024-11-14
Mustang,Audi,O137,Negro,2018,24682,Sí,Diesel,55,638054623,2024-11-14
Model 3,Toyota,C558,Negro,2019,5055,No,Eléctrico,105,672536497,2024-11-14
Model S,Audi,E256,Blanco,2020,36317,No,Gasolina,75,897953097,2024-11-14
X5,Tesla,H216,Rojo,2022,39582,Sí,Gasolina,118,854090551,2024-11-14
Accord,Toyota,I755,Gris,2021,41726,Sí,Eléctrico,54,287832687,2024-11-14
Mustang,Ford,C507,Gris,2020,36458,No,Diesel,114,981589156,2024-11-14
X5,BMW,R657,Negro,2021,9329,Sí,Eléctrico,131,781818190,2024-11-14
Camry,Tesla,N464,Blanco,2023,9122,Sí,Gasolina,53,221516068,2024-11-14
Accord,Honda,V780,Negro,2022,8657,No,Diesel,125,191665816,2024-11-14
Civic,Tesla,E442,Gris,2021,10902,Sí,Eléctrico,141,132240734,2024-11-14
X5,Ford,I735,Azul,2018,25227,Sí,Gasolina,109,388389465,2024-11-14
Model 3,Honda,D804,Azul,2018,38049,No,Gasolina,56,666322808,2024-11-14
A4,BMW,Z327,Azul,2022,25233,No,Diesel,88,690943709,2024-11-14
Civic,Ford,S849,Rojo,2023,47369,No,Gasolina,70,448525842,2024-11-14
Camry,Tesla,K254,Gris,2019,30661,Sí,Gasolina,110,119028506,2024-11-14
Mustang,Ford,T854,Negro,2021,43272,Sí,Gasolina,147,512577624,2024-11-14
Accord,Audi,K455,Rojo,2019,25226,Sí,Gasolina,125,479369714,2024-11-14
Civic,Tesla,A602,Rojo,2021,28883,Sí,Gasolina,133,186981087,2024-11-14
Model S,Ford,A665,Negro,2018,20973,No,Eléctrico,111,912291292,2024-11-14
X5,Audi,A852,Rojo,2023,8301,Sí,Gasolina,68,563654176,2024-11-14
Model S,Ford,K549,Azul,2018,26420,No,Eléctrico,81,504030853,2024-11-14
Model S,Honda,T149,Gris,2023,49262,No,Eléctrico,90,474416873,2024-11-14
Corolla,BMW,G438,Gris,2020,16562,No,Eléctrico,45,655034821,2024-11-14
Camry,Audi,D641,Gris,2022,15929,Sí,Gasolina,83,551277071,2024-11-14
Model 3,Toyota,S133,Blanco,2022,13604,No,Gasolina,85,674800924,2024-11-14
Model S,Honda,S411,Rojo,2019,1908,Sí,Diesel,92,449522676,2024-11-14
Camry,Tesla,P373,Blanco,2020,36047,Sí,Eléctrico,47,299263039,2024-11-14
Corolla,Tesla,C947,Azul,2018,28320,Sí,Diesel,112,655727276,2024-11-14
Accord,BMW,A292,Rojo,2021,22146,No,Diesel,113,351822063,2024-11-14
Model 3,Audi,Z689,Rojo,2019,25247,No,Gasolina,50,649678383,2024-11-14
Corolla,Audi,E662,Rojo,2020,16993,Sí,Eléctrico,117,601310460,2024-11-14
Civic,BMW,A560,Negro,2020,35379,Sí,Diesel,52,686426733,2024-11-14
Model S,Ford,Z581,Blanco,2020,32661,Sí,Diesel,77,345140677,2024-11-14
Camry,Toyota,Q207,Azul,2019,42697,No,Diesel,127,281756798,2024-11-14
Mustang,Audi,G793,Blanco,2020,6454,No,Diesel,74,965392372,2024-11-14
Accord,Toyota,I373,Azul,2023,16688,No,Gasolina,45,393157548,2024-11-14
Corolla,Tesla,S237,Azul,2022,37892,Sí,Eléctrico,81,521810519,2024-11-14
Accord,BMW,U946,Rojo,2021,49607,Sí,Gasolina,125,747860358,2024-11-14
Model 3,Audi,E549,Negro,2023,20408,No,Diesel,71,748388185,2024-11-14
X5,Toyota,M391,Negro,2021,19710,No,Gasolina,108,951168191,2024-11-14
Camry,Audi,Z254,Azul,2023,1245,No,Gasolina,48,769338902,2024-11-14
A4,Tesla,J765,Blanco,2022,12169,Sí,Diesel,83,326938440,2024-11-14
Corolla,Audi,G234,Gris,2021,12295,Sí,Diesel,109,927698451,2024-11-14
Mustang,Ford,T913,Rojo,2020,18202,Sí,Eléctrico,89,385245719,2024-11-14
Camry,Honda,Z753,Gris,2022,47763,Sí,Eléctrico,116,979764365,2024-11-14
Model S,Audi,M390,Blanco,2021,2908,Sí,Gasolina,144,526032660,2024-11-14
Civic,BMW,F252,Negro,2020,17621,Sí,Eléctrico,139,888236171,2024-11-14
Corolla,Tesla,O420,Azul,2022,15559,Sí,Gasolina,46,914714558,2024-11-14
Accord,Ford,G209,Gris,2022,4337,No,Eléctrico,115,719631202,2024-11-14
Accord,Ford,A226,Azul,2021,14455,No,Diesel,61,207644760,2024-11-14
X5,Honda,Q469,Azul,2018,45456,No,Diesel,149,811854089,2024-11-14
Camry,Toyota,L628,Negro,2022,15098,Sí,Diesel,119,701434023,2024-11-14
A4,Audi,E968,Rojo,2018,8544,Sí,Gasolina,146,428584171,2024-11-14
Camry,Tesla,V659,Azul,2022,8621,Sí,Diesel,133,155385684,2024-11-14
Mustang,Toyota,B447,Blanco,2023,23424,Sí,Diesel,67,936263740,2024-11-14
X5,Tesla,L177,Gris,2019,32642,Sí,Eléctrico,76,279537956,2024-11-14
Accord,BMW,U673,Blanco,2022,7094,No,Gasolina,112,815426451,2024-11-14
Corolla,BMW,N874,Azul,2022,3507,Sí,Eléctrico,70,920832882,2024-11-14
Corolla,Tesla,W790,Blanco,2019,13255,Sí,Eléctrico,148,694396769,2024-11-14
Model 3,Tesla,Q616,Gris,2020,3908,Sí,Gasolina,57,743978981,2024-11-14
Model S,BMW,M711,Azul,2023,36863,Sí,Gasolina,123,394546536,2024-11-14
Accord,Tesla,V151,Negro,2020,19334,No,Gasolina,135,507561300,2024-11-14
Camry,Ford,Y204,Negro,2020,12812,No,Diesel,127,211191808,2024-11-14
Model 3,Tesla,J255,Blanco,2019,2283,Sí,Gasolina,70,798796091,2024-11-14
X5,BMW,D326,Negro,2023,22653,Sí,Diesel,91,539945481,2024-11-14
Camry,Ford,U772,Gris,2019,46291,No,Gasolina,125,891554748,2024-11-14
X5,Honda,D631,Blanco,2018,41707,No,Eléctrico,53,292015289,2024-11-14
Mustang,Audi,I166,Rojo,2022,43353,Sí,Eléctrico,133,416225338,2024-11-14
Civic,Tesla,X600,Azul,2018,38017,No,Eléctrico,125,281737396,2024-11-14
Model 3,Ford,Y750,Rojo,2022,45784,No,Diesel,61,873506125,2024-11-14
X5,Ford,K318,Azul,2018,9284,Sí,Diesel,41,682867036,2024-11-14
Mustang,Ford,X805,Blanco,2019,8521,No,Gasolina,70,891967234,2024-11-14
Accord,Honda,J802,Negro,2018,39616,Sí,Eléctrico,139,615772432,2024-11-14
X5,Tesla,X585,Blanco,2022,12775,No,Gasolina,140,932726909,2024-11-14
Accord,Toyota,H356,Azul,2021,38646,No,Gasolina,143,990952468,2024-11-14
Camry,Ford,P570,Azul,2020,23839,No,Eléctrico,117,783626818,2024-11-14
Corolla,BMW,E895,Azul,2019,30634,Sí,Diesel,116,731409151,2024-11-14
Mustang,Tesla,R609,Gris,2023,6612,No,Eléctrico,119,923486888,2024-11-14
A4,Toyota,I823,Gris,2023,48656,No,Gasolina,74,211318721,2024-11-14
Model 3,Ford,R362,Azul,2018,48487,Sí,Diesel,126,775182911,2024-11-14
X5,BMW,A104,Blanco,2023,30653,Sí,Eléctrico,123,568158690,2024-11-14
X5,Toyota,H938,Gris,2020,26636,Sí,Diesel,83,828958999,2024-11-14
Civic,BMW,B269,Rojo,2019,2924,Sí,Eléctrico,75,712985757,2024-11-14
Mustang,Audi,Z430,Blanco,2023,1540,Sí,Eléctrico,148,599691811,2024-11-14
A4,Toyota,M262,Negro,2022,47147,Sí,Diesel,118,365863630,2024-11-14
Accord,Toyota,B357,Blanco,2019,1027,Sí,Gasolina,70,491494922,2024-11-14
X5,Tesla,L885,Blanco,2020,37702,Sí,Gasolina,134,106804641,2024-11-14
Model S,Tesla,D678,Azul,2018,43063,No,Gasolina,108,121757568,2024-11-14
Civic,BMW,D754,Gris,2021,2191,No,Eléctrico,120,499081903,2024-11-14
Civic,BMW,D581,Azul,2023,27163,No,Eléctrico,41,889131334,2024-11-14
X5,BMW,W768,Blanco,2019,41920,No,Diesel,146,459049436,2024-11-14
X5,Honda,W991,Gris,2019,14579,Sí,Eléctrico,117,795796829,2024-11-14
Civic,Honda,P549,Gris,2020,48856,Sí,Diesel,72,200799761,2024-11-14
Corolla,Audi,Q877,Rojo,2018,31384,Sí,Gasolina,146,320764009,2024-11-14
Mustang,Toyota,J167,Negro,2018,36366,Sí,Eléctrico,113,659866647,2024-11-14
A4,Tesla,K972,Azul,2018,18091,No,Eléctrico,41,847038698,2024-11-14
Civic,Toyota,S199,Blanco,2019,32492,Sí,Diesel,96,557555519,2024-11-14
Model S,Honda,B494,Rojo,2020,30586,Sí,Eléctrico,121,402538471,2024-11-14
Accord,Audi,L849,Negro,2018,6995,No,Eléctrico,99,345538362,2024-11-14
Model S,BMW,Z414,Gris,2022,26120,No,Gasolina,108,862259454,2024-11-14
Mustang,Tesla,Q196,Rojo,2023,33936,No,Gasolina,48,178118628,2024-11-14
Camry,Honda,K359,Gris,2021,11776,No,Gasolina,62,311641348,2024-11-14
Camry,Ford,J569,Negro,2019,32536,No,Diesel,134,735007715,2024-11-14
Accord,Audi,P387,Gris,2018,43809,No,Diesel,47,908766156,2024-11-14
X5,BMW,C349,Gris,2020,32647,Sí,Gasolina,136,518580789,2024-11-14
Civic,Tesla,V591,Blanco,2023,13980,Sí,Gasolina,113,187378561,2024-11-14
Model S,Tesla,C865,Azul,2020,18127,No,Diesel,98,845157726,2024-11-14
Mustang,Honda,B310,Gris,2020,7645,Sí,Gasolina,126,909321345,2024-11-14
Model S,BMW,T336,Blanco,2018,32658,No,Eléctrico,144,681607783,2024-11-14
Civic,BMW,J894,Rojo,2021,48036,No,Gasolina,64,737102414,2024-11-14
Camry,Audi,I941,Rojo,2019,1648,Sí,Eléctrico,139,574140168,2024-11-14
Model 3,Tesla,M971,Gris,2023,35522,No,Diesel,127,762497876,2024-11-14
Camry,Tesla,G453,Azul,2022,2658,No,Diesel,91,410186846,2024-11-14
Model 3,Audi,U935,Negro,2020,1640,No,Diesel,96,646323108,2024-11-14
Corolla,Tesla,R602,Negro,2019,15560,No,Gasolina,99,454907277,2024-11-14
Model 3,BMW,N544,Rojo,2019,26171,Sí,Eléctrico,81,199138213,2024-11-14
Mustang,Ford,B571,Blanco,2021,17653,Sí,Diesel,76,930534708,2024-11-14
Mustang,Toyota,M882,Blanco,2023,28669,No,Diesel,129,947665858,2024-11-14
Corolla,Ford,Z366,Negro,2021,43438,No,Diesel,80,779356026,2024-11-14
X5,Honda,B696,Gris,2023,22876,Sí,Gasolina,49,569293336,2024-11-14
Mustang,Honda,O130,Negro,2022,24880,No,Eléctrico,44,308061530,2024-11-14
Camry,Audi,E288,Gris,2021,22887,No,Diesel,99,782156807,2024-11-14
Mustang,Toyota,R334,Rojo,2019,5196,Sí,Gasolina,107,750320683,2024-11-14
Model S,Audi,J256,Negro,2021,28001,Sí,Diesel,82,525449179,2024-11-14
Model S,Toyota,A381,Gris,2018,42498,Sí,Gasolina,82,688663237,2024-11-14
Accord,Honda,D513,Rojo,2020,40615,Sí,Gasolina,54,733409550,2024-11-14
Model 3,Honda,D819,Blanco,2019,9172,No,Gasolina,77,153574906,2024-11-14
X5,Toyota,C890,Gris,2019,7820,Sí,Diesel,65,252141852,2024-11-14
Accord,BMW,L166,Gris,2022,6515,No,Gasolina,54,132937175,2024-11-14
Corolla,Toyota,N837,Blanco,2019,13872,No,Eléctrico,68,847379987,2024-11-14
Camry,Ford,N804,Blanco,2018,23861,No,Gasolina,118,325383039,2024-11-14
Mustang,Tesla,N111,Azul,2022,28460,No,Diesel,148,868978155,2024-11-14
Model 3,Ford,N332,Gris,2021,36160,Sí,Eléctrico,86,582627635,2024-11-14
Accord,Tesla,N712,Azul,2022,31828,Sí,Gasolina,101,834116440,2024-11-14
Mustang,BMW,C468,Blanco,2020,10528,No,Gasolina,124,230383361,2024-11-14
A4,Honda,B777,Rojo,2018,24937,Sí,Eléctrico,111,582717253,2024-11-14
Corolla,Tesla,Z422,Azul,2023,6348,Sí,Gasolina,43,248940481,2024-11-14
Model S,Ford,M673,Negro,2022,41219,No,Eléctrico,105,208842670,2024-11-14
A4,Ford,E790,Rojo,2023,39277,No,Eléctrico,106,425421631,2024-11-14
Corolla,BMW,B858,Rojo,2020,6412,Sí,Eléctrico,137,880198661,2024-11-14
Mustang,Toyota,K845,Blanco,2019,46858,No,Diesel,42,784123093,2024-11-14
A4,Ford,D111,Azul,2023,47399,Sí,Diesel,77,944830022,2024-11-14
X5,Tesla,Z219,Blanco,2022,14307,Sí,Diesel,87,546666441,2024-11-14
Civic,Honda,U662,Negro,2023,36529,Sí,Diesel,106,747910936,2024-11-14
Model S,Audi,L503,Rojo,2019,4736,Sí,Eléctrico,112,863193214,2024-11-14
A4,Ford,W893,Blanco,2018,31847,No,Gasolina,145,166016785,2024-11-14
Corolla,Tesla,G277,Gris,2021,41396,No,Diesel,100,683160034,2024-11-14
Model S,Audi,E574,Rojo,2018,9269,Sí,Diesel,91,997252221,2024-11-14
Model S,Honda,O797,Gris,2023,27766,No,Gasolina,69,155184483,2024-11-14
Camry,Honda,Q273,Gris,2021,10058,Sí,Gasolina,140,228875427,2024-11-14
Accord,Tesla,F278,Azul,2019,25325,Sí,Diesel,66,453872117,2024-11-14
Accord,BMW,F387,Rojo,2022,21819,No,Gasolina,121,244899753,2024-11-14
Corolla,Ford,S518,Gris,2022,10313,Sí,Eléctrico,104,858564800,2024-11-14
A4,Honda,Y159,Rojo,2023,14768,Sí,Gasolina,41,724520284,2024-11-14
Camry,Audi,W308,Blanco,2020,9920,No,Eléctrico,101,712618464,2024-11-14
Civic,BMW,Z558,Gris,2022,21985,No,Diesel,52,206514478,2024-11-14
A4,Ford,O777,Azul,2020,37050,No,Eléctrico,78,572842545,2024-11-14
Accord,Toyota,B799,Negro,2018,15593,Sí,Gasolina,87,431499246,2024-11-14
Camry,Audi,V550,Rojo,2018,36280,Sí,Eléctrico,145,651468253,2024-11-14
Model 3,Toyota,D123,Gris,2018,16593,No,Eléctrico,90,331063206,2024-11-14
Model S,Ford,T973,Blanco,2023,36828,Sí,Eléctrico,52,386404864,2024-11-14
Accord,Honda,U729,Gris,2018,34038,Sí,Diesel,61,366454091,2024-11-14
Mustang,Toyota,X788,Rojo,2018,35378,Sí,Diesel,122,442544637,2024-11-14
Model S,Honda,S672,Gris,2023,37388,No,Eléctrico,58,415185932,2024-11-14
Accord,Ford,T746,Blanco,2021,27406,Sí,Eléctrico,117,273794133,2024-11-14
A4,BMW,F876,Negro,2018,3871,Sí,Diesel,103,763856208,2024-11-14
A4,Toyota,Y534,Gris,2022,29839,Sí,Diesel,133,627666717,2024-11-14
Model S,BMW,R965,Blanco,2019,23836,Sí,Eléctrico,65,518875404,2024-11-14
X5,Tesla,Z809,Blanco,2020,5683,Sí,Eléctrico,104,164348040,2024-11-14
X5,Audi,E403,Azul,2021,18521,No,Diesel,80,525320518,2024-11-14
Model 3,Audi,H266,Azul,2019,15394,No,Diesel,107,101081645,2024-11-14
Civic,BMW,W228,Blanco,2022,31030,No,Eléctrico,68,847253586,2024-11-14
Model S,Audi,K966,Rojo,2021,41122,Sí,Eléctrico,124,912273083,2024-11-14
X5,Ford,N919,Blanco,2023,21165,Sí,Diesel,137,452433354,2024-11-14
A4,Ford,X115,Negro,2020,42848,No,Eléctrico,50,468386177,2024-11-14
Corolla,Toyota,Z876,Negro,2021,29204,No,Gasolina,82,258778572,2024-11-14
Model S,Toyota,R285,Azul,2023,41652,No,Gasolina,104,715911369,2024-11-14
Corolla,Ford,T831,Rojo,2019,49366,No,Eléctrico,128,704979853,2024-11-14
Corolla,Audi,S663,Gris,2022,47734,Sí,Diesel,85,492218365,2024-11-14
Mustang,Ford,F567,Blanco,2021,18905,Sí,Diesel,136,160266654,2024-11-14
Mustang,Ford,O231,Rojo,2018,20315,No,Diesel,143,856929370,2024-11-14
Camry,BMW,P878,Blanco,2018,22093,No,Diesel,54,664169003,2024-11-14
Camry,BMW,Y585,Azul,2022,34737,Sí,Diesel,140,694896986,2024-11-14
Model 3,Honda,M710,Rojo,2018,39419,Sí,Gasolina,141,464613412,2024-11-14
Model 3,Tesla,L870,Negro,2019,43506,Sí,Diesel,42,989242480,2024-11-14
A4,BMW,B364,Blanco,2018,42684,No,Diesel,55,794625388,2024-11-14
A4,Audi,F102,Gris,2019,28175,Sí,Eléctrico,119,753722063,2024-11-14
Camry,Audi,X340,Gris,2019,31293,No,Diesel,54,462382304,2024-11-14
Mustang,Honda,U950,Gris,2023,7298,Sí,Diesel,46,571665468,2024-11-14
Mustang,Toyota,P409,Blanco,2022,18272,No,Eléctrico,96,921849907,2024-11-14
Mustang,Tesla,O905,Rojo,2022,21554,Sí,Eléctrico,111,468223230,2024-11-14
Camry,Toyota,N209,Gris,2021,49609,Sí,Gasolina,147,959677865,2024-11-14
Model 3,Honda,S637,Negro,2018,17224,No,Eléctrico,69,339788982,2024-11-14
Accord,Honda,V210,Blanco,2022,27310,No,Diesel,85,829284338,2024-11-14
Model S,Tesla,V858,Negro,2022,33402,Sí,Eléctrico,150,894222077,2024-11-14
Model 3,Toyota,R679,Azul,2023,29024,Sí,Gasolina,80,418176489,2024-11-14
Model S,Audi,S119,Blanco,2020,9572,No,Diesel,135,635732368,2024-11-14
Model 3,Honda,U535,Azul,2018,44834,Sí,Diesel,115,770525371,2024-11-14
Mustang,Tesla,J185,Blanco,2018,2565,Sí,Diesel,97,233772949,2024-11-14
Civic,Honda,F148,Negro,2023,38148,Sí,Gasolina,128,415069868,2024-11-14
Civic,Honda,J980,Gris,2021,27743,No,Gasolina,127,670895894,2024-11-14
X5,Tesla,D621,Gris,2019,40908,Sí,Gasolina,89,117493607,2024-11-14
Model 3,Audi,S442,Gris,2023,24025,No,Gasolina,94,203888022,2024-11-14
Model 3,Audi,T658,Blanco,2022,19255,Sí,Eléctrico,86,286649353,2024-11-14
Corolla,Toyota,J635,Gris,2023,3441,No,Eléctrico,83,745609980,2024-11-14
Model 3,Audi,W683,Azul,2018,10580,No,Gasolina,144,542291307,2024-11-14
Corolla,Ford,I328,Negro,2018,44519,Sí,Gasolina,133,233876144,2024-11-14
Model S,Toyota,D115,Blanco,2023,41462,No,Eléctrico,149,964511744,2024-11-14
Model 3,Ford,X920,Blanco,2019,4156,No,Gasolina,147,485130520,2024-11-14
A4,Honda,P410,Rojo,2023,26464,No,Eléctrico,55,568478141,2024-11-14
Model S,BMW,Z935,Blanco,2021,43821,Sí,Gasolina,72,390919075,2024-11-14
Civic,Ford,P343,Rojo,2021,12564,Sí,Gasolina,88,248523862,2024-11-14
Model 3,Tesla,U315,Rojo,2022,29677,No,Eléctrico,141,582988963,2024-11-14
A4,Ford,S761,Rojo,2021,29786,No,Eléctrico,70,654388306,2024-11-14
X5,Ford,E720,Negro,2021,21883,Sí,Eléctrico,150,192576369,2024-11-14
A4,Audi,T475,Rojo,2020,44156,Sí,Diesel,80,684673499,2024-11-14
Civic,BMW,Z254,Gris,2022,41726,No,Diesel,124,826031096,2024-11-14
Mustang,Toyota,J717,Blanco,2023,43348,No,Eléctrico,143,991724494,2024-11-14
Accord,Honda,J380,Blanco,2021,32125,No,Eléctrico,137,380468583,2024-11-14
Mustang,BMW,Q201,Gris,2023,25386,No,Eléctrico,80,784495553,2024-11-14
Corolla,Tesla,U683,Gris,2020,26102,Sí,Gasolina,114,193018765,2024-11-14
Model 3,Toyota,D388,Blanco,2023,21767,No,Diesel,58,316334921,2024-11-14
Corolla,Honda,O155,Negro,2021,38816,No,Eléctrico,114,806336214,2024-11-14
Civic,BMW,G817,Azul,2022,6240,Sí,Diesel,74,761295208,2024-11-14
Model 3,Honda,E390,Gris,2018,17963,Sí,Gasolina,140,767655947,2024-11-14
Mustang,Toyota,E404,Negro,2021,37500,Sí,Gasolina,92,361116254,2024-11-14
A4,Audi,K956,Blanco,2023,38842,No,Eléctrico,73,103865145,2024-11-14
Model S,Audi,O827,Gris,2022,42708,Sí,Gasolina,128,300488448,2024-11-14
Civic,Toyota,H564,Azul,2021,22270,No,Gasolina,110,812292763,2024-11-14
X5,Tesla,S710,Rojo,2021,41733,No,Eléctrico,41,398813531,2024-11-14
Camry,Audi,S830,Azul,2020,33625,No,Eléctrico,101,106906893,2024-11-14
Model 3,Ford,F101,Blanco,2020,42105,Sí,Gasolina,139,667578861,2024-11-14
Civic,Honda,P297,Rojo,2020,5542,No,Eléctrico,79,623786403,2024-11-14
Model S,BMW,V194,Gris,2019,2350,No,Gasolina,142,560158910,2024-11-14
Camry,Audi,A300,Rojo,2023,23394,Sí,Gasolina,85,834204016,2024-11-14
Accord,Honda,W467,Gris,2018,26475,No,Gasolina,148,843820182,2024-11-14
Model 3,Tesla,R765,Rojo,2023,9991,No,Gasolina,139,617717722,2024-11-14
Model 3,Audi,D444,Azul,2019,5307,Sí,Diesel,88,942174350,2024-11-14
Accord,Ford,N919,Blanco,2021,29534,No,Eléctrico,42,944122245,2024-11-14
Camry,Audi,R819,Gris,2019,17540,No,Gasolina,75,540210174,2024-11-14
Model S,Ford,D266,Gris,2019,33907,No,Gasolina,75,488010013,2024-11-14
Model 3,BMW,Z765,Azul,2020,20041,No,Eléctrico,83,762599464,2024-11-14
Model S,Ford,J761,Gris,2020,24761,No,Gasolina,78,197109772,2024-11-14
Model S,Toyota,R360,Rojo,2021,28115,No,Diesel,98,950162214,2024-11-14
Camry,Honda,H630,Blanco,2023,24171,Sí,Eléctrico,147,898436935,2024-11-14
Accord,Audi,V188,Negro,2022,35573,No,Diesel,149,105111275,2024-11-14
Mustang,Tesla,E289,Negro,2019,16892,No,Gasolina,102,444026215,2024-11-14
Model 3,BMW,K801,Azul,2020,14155,Sí,Diesel,88,589731559,2024-11-14
A4,Tesla,G732,Azul,2021,30656,Sí,Diesel,111,255719607,2024-11-14
A4,BMW,H350,Rojo,2021,44783,No,Eléctrico,144,231375719,2024-11-14
Mustang,Audi,T416,Negro,2021,37503,Sí,Gasolina,69,256125114,2024-11-14
Mustang,Audi,D140,Azul,2022,18410,Sí,Diesel,138,236253005,2024-11-14
Civic,Ford,S462,Gris,2023,38366,Sí,Eléctrico,144,878948140,2024-11-14
X5,Tesla,Q541,Azul,2019,49137,Sí,Eléctrico,106,340177475,2024-11-14
A4,Toyota,X185,Blanco,2020,6591,No,Diesel,105,919785212,2024-11-14
Corolla,Tesla,I843,Negro,2020,26223,Sí,Gasolina,97,212314053,2024-11-14
Accord,Toyota,B382,Blanco,2020,44137,Sí,Gasolina,131,811964642,2024-11-14
Civic,Audi,F629,Rojo,2022,43224,No,Gasolina,101,432173344,2024-11-14
Mustang,BMW,Q144,Blanco,2021,14654,No,Diesel,129,994796356,2024-11-14
X5,Honda,E361,Gris,2021,42029,Sí,Eléctrico,93,955908983,2024-11-14
Model S,Honda,L526,Negro,2021,32962,No,Diesel,72,729899770,2024-11-14
Mustang,BMW,A816,Negro,2023,18240,No,Diesel,81,980834627,2024-11-14
A4,BMW,C763,Gris,2019,21632,No,Gasolina,100,765632318,2024-11-14
Civic,Ford,R638,Blanco,2020,43516,Sí,Gasolina,77,798759115,2024-11-14
Model 3,Ford,F877,Blanco,2022,28230,Sí,Gasolina,56,306136490,2024-11-14
A4,Toyota,E582,Negro,2022,32528,Sí,Diesel,111,880286138,2024-11-14
Model 3,Toyota,X441,Blanco,2022,48879,No,Eléctrico,125,666643855,2024-11-14
Mustang,Toyota,K177,Rojo,2020,8535,Sí,Eléctrico,82,825710302,2024-11-14
A4,Tesla,P246,Rojo,2020,19700,No,Diesel,51,820685444,2024-11-14
A4,Audi,S832,Negro,2023,40916,Sí,Gasolina,52,179338131,2024-11-14
Mustang,Toyota,C685,Rojo,2019,9050,Sí,Diesel,100,578638997,2024-11-14
Accord,Audi,B271,Negro,2023,44822,No,Eléctrico,138,415381082,2024-11-14
Civic,Ford,U222,Azul,2020,33245,Sí,Eléctrico,86,974552941,2024-11-14
X5,Tesla,T942,Blanco,2022,27897,No,Eléctrico,113,822811340,2024-11-14
Accord,Toyota,L359,Rojo,2020,22938,Sí,Eléctrico,146,446836820,2024-11-14
Model S,Ford,G159,Blanco,2020,14653,No,Gasolina,131,534378291,2024-11-14
X5,Audi,Q556,Blanco,2023,44369,Sí,Eléctrico,101,711357815,2024-11-14
Camry,Toyota,T155,Gris,2023,3554,No,Gasolina,106,397088174,2024-11-14
Model 3,Audi,K977,Negro,2019,4222,No,Diesel,85,159485493,2024-11-14
Civic,Audi,D303,Blanco,2021,8265,No,Diesel,70,286308896,2024-11-14
Camry,Ford,U618,Rojo,2021,23164,No,Diesel,134,382729074,2024-11-14
Accord,Honda,K944,Azul,2021,39100,Sí,Gasolina,43,978683294,2024-11-14
Civic,Audi,Z609,Azul,2019,13174,Sí,Gasolina,89,890826036,2024-11-14
Camry,Honda,R803,Blanco,2022,36724,Sí,Gasolina,114,691394736,2024-11-14
Accord,Toyota,K893,Blanco,2023,46772,Sí,Eléctrico,128,725951624,2024-11-14
Accord,Honda,H274,Gris,2021,23024,Sí,Diesel,149,436750645,2024-11-14
A4,Audi,J483,Blanco,2023,3112,No,Eléctrico,96,386384183,2024-11-14
Corolla,Ford,I578,Gris,2021,20445,Sí,Gasolina,65,213457890,2024-11-14
Model 3,Ford,S975,Gris,2022,24282,No,Eléctrico,126,114371210,2024-11-14
Model 3,Toyota,S726,Gris,2020,44814,Sí,Diesel,93,828411681,2024-11-14
Model 3,BMW,U154,Blanco,2021,10933,Sí,Eléctrico,44,477902788,2024-11-14
A4,Honda,W993,Negro,2022,21914,No,Gasolina,65,771709188,2024-11-14
Camry,Honda,F295,Rojo,2019,18475,Sí,Diesel,90,126938193,2024-11-14
Model 3,Honda,I190,Azul,2019,14700,No,Gasolina,117,635212198,2024-11-14
X5,BMW,L872,Azul,2018,42924,Sí,Diesel,58,338716438,2024-11-14
Mustang,Ford,Z756,Azul,2020,28871,No,Eléctrico,64,463658317,2024-11-14
Camry,Tesla,C418,Gris,2018,30636,No,Gasolina,122,166059457,2024-11-14
Camry,Tesla,B456,Rojo,2023,9960,No,Diesel,101,799462323,2024-11-14
Model 3,Toyota,Y912,Azul,2021,8265,No,Eléctrico,116,440853185,2024-11-14
A4,Audi,G793,Negro,2021,34993,Sí,Diesel,95,337841616,2024-11-14
Model 3,Honda,Q452,Gris,2022,28474,Sí,Gasolina,67,664974208,2024-11-14
A4,Toyota,X587,Negro,2018,42215,Sí,Diesel,40,410659253,2024-11-14
Camry,Ford,Y274,Azul,2023,4581,No,Gasolina,113,749210728,2024-11-14
Model S,Toyota,N467,Negro,2023,47158,Sí,Diesel,58,708448340,2024-11-14
Civic,Toyota,D723,Rojo,2022,44123,Sí,Diesel,139,768543615,2024-11-14
Mustang,Ford,B276,Gris,2020,48585,No,Gasolina,114,325431076,2024-11-14
Accord,Ford,G464,Azul,2022,16823,Sí,Gasolina,63,791087855,2024-11-14
Model 3,Honda,W851,Blanco,2022,35763,Sí,Eléctrico,95,868205270,2024-11-14
Model 3,Tesla,M508,Rojo,2022,8281,No,Eléctrico,148,201413400,2024-11-14
Model S,Honda,A245,Negro,2019,24485,Sí,Eléctrico,111,596422336,2024-11-14
Model 3,Honda,D135,Gris,2018,1681,No,Gasolina,130,857810177,2024-11-14
Mustang,Toyota,Y619,Negro,2022,11499,No,Eléctrico,100,126221656,2024-11-14
Camry,Toyota,L860,Azul,2019,26997,No,Diesel,52,657400488,2024-11-14
A4,Ford,W449,Gris,2019,15931,No,Eléctrico,58,919219811,2024-11-14
Accord,Toyota,G873,Negro,2021,40657,No,Diesel,121,888455721,2024-11-14
A4,Audi,Z289,Azul,2022,18263,No,Eléctrico,49,963600648,2024-11-14
Civic,Tesla,U804,Blanco,2022,35081,No,Eléctrico,82,287195574,2024-11-14
A4,BMW,W189,Gris,2019,44923,No,Diesel,112,463262129,2024-11-14
Camry,Honda,G912,Gris,2022,4082,Sí,Eléctrico,80,923183464,2024-11-14
Corolla,Honda,T904,Gris,2019,43735,No,Diesel,119,448901227,2024-11-14
Model 3,Honda,W597,Rojo,2020,33320,Sí,Diesel,88,800255797,2024-11-14
Accord,Audi,R663,Rojo,2018,7381,No,Diesel,64,435267450,2024-11-14
A4,BMW,Y518,Negro,2021,14176,Sí,Gasolina,44,382474214,2024-11-14
Corolla,Toyota,S184,Azul,2022,7898,No,Eléctrico,115,726256601,2024-11-14
A4,BMW,H947,Gris,2023,35295,No,Eléctrico,123,630611719,2024-11-14
Mustang,Tesla,X329,Gris,2020,1814,Sí,Eléctrico,47,754118418,2024-11-14
Civic,Audi,L898,Negro,2019,28081,Sí,Diesel,75,882476711,2024-11-14
Model S,Tesla,Z436,Gris,2021,7253,Sí,Eléctrico,57,444698052,2024-11-14
Camry,Honda,D763,Gris,2018,10954,Sí,Gasolina,59,164589997,2024-11-14
A4,Toyota,O130,Negro,2018,35396,No,Diesel,53,241304280,2024-11-14
X5,Ford,G689,Negro,2019,4560,No,Eléctrico,128,987740501,2024-11-14
Model S,Toyota,J882,Gris,2022,34038,Sí,Diesel,67,622712063,2024-11-14
Camry,Tesla,T182,Negro,2018,43803,Sí,Gasolina,129,398857738,2024-11-14
Camry,Audi,F736,Azul,2023,18631,Sí,Gasolina,56,709028849,2024-11-14
Mustang,Honda,N211,Negro,2020,42181,No,Eléctrico,68,755142620,2024-11-14
Civic,Toyota,H927,Gris,2019,19653,Sí,Diesel,59,132024243,2024-11-14
Model 3,BMW,Y972,Blanco,2020,42261,Sí,Gasolina,50,841119023,2024-11-14
Corolla,Toyota,P169,Negro,2021,46491,No,Gasolina,44,267798263,2024-11-14
Mustang,Ford,L865,Blanco,2022,41731,Sí,Eléctrico,121,847876039,2024-11-14
Model 3,Ford,F384,Rojo,2020,49440,Sí,Diesel,92,124702692,2024-11-14
X5,Tesla,V225,Gris,2019,20173,Sí,Eléctrico,40,435604128,2024-11-14
Model S,Tesla,C391,Azul,2018,32096,No,Diesel,114,808656769,2024-11-14
X5,Tesla,S823,Azul,2021,37061,Sí,Diesel,59,251394408,2024-11-14
Corolla,Ford,B673,Azul,2023,10691,Sí,Eléctrico,98,420307645,2024-11-14
X5,Ford,Z470,Rojo,2022,43950,Sí,Gasolina,45,567032308,2024-11-14
Accord,Audi,L842,Azul,2018,28414,No,Gasolina,116,315750399,2024-11-14
Civic,Ford,Q888,Rojo,2023,29603,No,Gasolina,111,287011110,2024-11-14
Camry,Tesla,A575,Negro,2020,48633,Sí,Eléctrico,96,970493621,2024-11-14
Camry,Honda,B135,Azul,2019,36591,Sí,Diesel,73,436000615,2024-11-14
Model 3,Ford,P957,Blanco,2021,36770,No,Gasolina,52,369475106,2024-11-14
Corolla,BMW,E819,Azul,2018,13006,No,Eléctrico,65,735560582,2024-11-14
Corolla,Ford,M910,Azul,2021,40034,Sí,Diesel,67,330242373,2024-11-14
Accord,Ford,X146,Azul,2020,15517,Sí,Eléctrico,41,576230997,2024-11-14
Civic,Ford,M406,Blanco,2020,27564,Sí,Eléctrico,130,635989979,2024-11-14
Civic,Honda,F257,Rojo,2022,6110,No,Eléctrico,81,947952676,2024-11-14
Civic,Audi,E418,Rojo,2019,7054,Sí,Eléctrico,128,664627592,2024-11-14
Model 3,Honda,K899,Blanco,2023,6494,Sí,Diesel,72,692799935,2024-11-14
X5,Ford,F953,Negro,2019,43626,Sí,Gasolina,126,643345205,2024-11-14
Camry,Audi,E716,Blanco,2019,13748,Sí,Diesel,59,285858434,2024-11-14
X5,Audi,I861,Gris,2021,36699,No,Diesel,73,185980310,2024-11-14
Civic,Ford,H503,Blanco,2022,45639,No,Eléctrico,119,590527257,2024-11-14
A4,Toyota,R805,Gris,2020,10862,No,Gasolina,74,758153551,2024-11-14
Civic,BMW,I125,Blanco,2020,15041,Sí,Diesel,85,959598523,2024-11-14
Model 3,Tesla,X213,Negro,2018,1610,Sí,Diesel,104,933994947,2024-11-14
Accord,Ford,V452,Negro,2021,35280,Sí,Eléctrico,115,338421408,2024-11-14
Camry,Ford,V340,Negro,2019,26242,No,Eléctrico,42,199344231,2024-11-14
A4,Honda,G858,Azul,2021,39902,Sí,Eléctrico,66,897169428,2024-11-14
Model 3,Audi,K827,Azul,2021,32854,Sí,Gasolina,92,815898395,2024-11-14
Corolla,Toyota,F724,Azul,2018,18907,Sí,Diesel,140,655864370,2024-11-14
Model 3,Audi,F987,Negro,2018,39107,Sí,Eléctrico,114,587437460,2024-11-14
A4,Audi,A381,Negro,2018,39011,Sí,Gasolina,138,172856502,2024-11-14
Model S,Ford,J217,Blanco,2019,13836,Sí,Gasolina,137,378255148,2024-11-14
Model 3,Toyota,V166,Gris,2023,40692,Sí,Eléctrico,146,940898470,2024-11-14
X5,Tesla,G177,Negro,2020,45719,No,Diesel,87,798633416,2024-11-14
Camry,Honda,U861,Gris,2018,37695,No,Eléctrico,77,817799142,2024-11-14
Model 3,BMW,M834,Azul,2022,37169,Sí,Diesel,141,396673301,2024-11-14
Accord,Toyota,T599,Blanco,2019,45018,Sí,Diesel,48,726661855,2024-11-14
A4,Honda,I294,Azul,2021,27316,No,Gasolina,49,395822392,2024-11-14
X5,Audi,I207,Rojo,2022,24175,Sí,Eléctrico,110,793048454,2024-11-14
Model 3,BMW,B743,Rojo,2023,32895,No,Gasolina,148,537088530,2024-11-14
Model 3,Toyota,F670,Blanco,2023,13021,Sí,Eléctrico,75,326115156,2024-11-14
Model 3,Tesla,L212,Rojo,2019,28156,No,Gasolina,47,590516715,2024-11-14
Model S,Tesla,B207,Gris,2019,11066,No,Diesel,110,271927924,2024-11-14
X5,Tesla,I922,Negro,2020,9352,No,Eléctrico,149,375794473,2024-11-14
A4,Ford,V639,Negro,2018,8944,Sí,Eléctrico,94,947322810,2024-11-14
Accord,Honda,E954,Gris,2019,21042,Sí,Diesel,65,897720115,2024-11-14
Model S,Tesla,I728,Blanco,2018,22850,No,Diesel,61,163976523,2024-11-14
Accord,Audi,A747,Azul,2021,24588,No,Diesel,131,659106467,2024-11-14
Model 3,Toyota,S905,Blanco,2020,4871,Sí,Eléctrico,131,827021262,2024-11-14
Civic,Tesla,E424,Negro,2023,21680,No,Gasolina,116,332591380,2024-11-14
X5,BMW,T153,Negro,2022,22600,Sí,Eléctrico,98,265407678,2024-11-14
Mustang,BMW,G687,Azul,2022,28729,Sí,Diesel,101,198181019,2024-11-14
A4,BMW,K399,Gris,2022,34192,Sí,Diesel,144,488388485,2024-11-14
X5,BMW,H377,Gris,2021,11860,No,Eléctrico,110,690842970,2024-11-14
Civic,Audi,J860,Azul,2022,10807,No,Eléctrico,102,768060246,2024-11-14
Camry,Ford,L634,Gris,2023,26948,Sí,Gasolina,73,187295033,2024-11-14
X5,Audi,A447,Azul,2021,2618,No,Gasolina,42,720305821,2024-11-14
Mustang,Audi,K720,Gris,2019,13956,Sí,Gasolina,56,414744329,2024-11-14
Model S,Honda,J315,Rojo,2023,22983,Sí,Diesel,116,680441781,2024-11-14
Mustang,Honda,I377,Azul,2021,2808,No,Gasolina,146,275797461,2024-11-14
A4,Honda,I927,Azul,2018,12572,No,Gasolina,123,510480385,2024-11-14
Civic,Honda,E615,Negro,2023,49451,No,Diesel,149,720722038,2024-11-14
Camry,Ford,P215,Blanco,2020,15900,Sí,Diesel,41,817721559,2024-11-14
Civic,Honda,C175,Blanco,2021,30981,No,Gasolina,79,923052011,2024-11-14
A4,Honda,G461,Negro,2018,27094,Sí,Gasolina,46,114012876,2024-11-14
Mustang,BMW,V515,Negro,2023,29300,Sí,Gasolina,84,669241494,2024-11-14
Model 3,Honda,V513,Negro,2023,19055,Sí,Diesel,125,349575034,2024-11-14
Corolla,Audi,F699,Azul,2021,42782,Sí,Gasolina,143,489179475,2024-11-14
Accord,BMW,Z146,Gris,2023,11148,Sí,Diesel,129,263115967,2024-11-14
Camry,Audi,F451,Azul,2023,30842,Sí,Eléctrico,86,750258499,2024-11-14
Corolla,Honda,F592,Rojo,2018,28031,Sí,Gasolina,74,622996798,2024-11-14
Camry,BMW,B153,Azul,2020,46885,Sí,Gasolina,58,603402003,2024-11-14
Corolla,Honda,C997,Azul,2021,7772,Sí,Diesel,98,593532104,2024-11-14
Corolla,Tesla,I997,Azul,2020,49519,Sí,Gasolina,91,524709123,2024-11-14
Civic,Ford,M935,Negro,2023,42686,Sí,Gasolina,86,656967806,2024-11-14
Corolla,Honda,P390,Gris,2023,26405,Sí,Gasolina,118,987161800,2024-11-14
Camry,Toyota,G948,Blanco,2018,30669,Sí,Diesel,127,892133238,2024-11-14
Civic,Tesla,L233,Rojo,2020,8528,Sí,Diesel,143,158465314,2024-11-14
Corolla,Toyota,R330,Azul,2018,4774,No,Diesel,68,152602165,2024-11-14
Model S,Honda,S500,Gris,2018,38883,Sí,Eléctrico,118,189827405,2024-11-14
Model S,Toyota,W534,Gris,2023,38852,No,Diesel,135,399966282,2024-11-14
Model 3,BMW,C173,Blanco,2018,15775,Sí,Eléctrico,46,189454527,2024-11-14
Model 3,Audi,T392,Gris,2022,31350,No,Eléctrico,97,318745778,2024-11-14
Camry,Ford,Q825,Negro,2018,10485,Sí,Diesel,68,839113866,2024-11-14
A4,Ford,G694,Gris,2019,31030,No,Diesel,131,452949308,2024-11-14
Mustang,Honda,M311,Blanco,2019,37007,Sí,Eléctrico,63,673105068,2024-11-14
Mustang,Tesla,A470,Gris,2020,12340,No,Diesel,126,579886225,2024-11-14
Mustang,Audi,P588,Gris,2021,13009,No,Diesel,60,626555204,2024-11-14
Model 3,Honda,G125,Rojo,2019,36861,No,Gasolina,92,582071826,2024-11-14
Model 3,Toyota,L656,Rojo,2019,23794,No,Diesel,143,146450941,2024-11-14
Model 3,Audi,M683,Negro,2020,41987,Sí,Diesel,113,719498863,2024-11-14
X5,Ford,D262,Rojo,2022,15872,No,Gasolina,53,836812403,2024-11-14
Civic,BMW,S831,Blanco,2020,38367,Sí,Gasolina,86,781608063,2024-11-14
Camry,Ford,L886,Gris,2020,24456,Sí,Eléctrico,114,103728125,2024-11-14
A4,BMW,V310,Rojo,2021,20658,Sí,Diesel,66,227357240,2024-11-14
Civic,Audi,R731,Blanco,2018,34877,Sí,Diesel,61,421284585,2024-11-14
Accord,Toyota,V173,Rojo,2023,2448,Sí,Eléctrico,102,382292918,2024-11-14
Accord,Ford,P929,Blanco,2022,25516,Sí,Diesel,78,467543099,2024-11-14
Model 3,Tesla,S543,Azul,2020,25469,Sí,Diesel,116,234224160,2024-11-14
Corolla,Tesla,L660,Rojo,2022,19459,Sí,Gasolina,52,582020084,2024-11-14
X5,Tesla,A822,Negro,2018,2650,Sí,Gasolina,144,199648949,2024-11-14
Camry,Ford,K420,Azul,2022,46513,Sí,Eléctrico,128,821168458,2024-11-14
Civic,Tesla,B974,Azul,2018,7366,No,Diesel,42,957916135,2024-11-14
Model S,Audi,F416,Rojo,2019,34646,No,Diesel,40,219592315,2024-11-14
Civic,Ford,Z515,Gris,2021,43249,Sí,Eléctrico,98,224901891,2024-11-14
X5,Audi,Q101,Negro,2020,32238,Sí,Eléctrico,95,307398723,2024-11-14
Camry,Ford,J187,Gris,2019,35954,Sí,Gasolina,87,812923654,2024-11-14
Corolla,BMW,B275,Negro,2023,46698,Sí,Gasolina,121,145099474,2024-11-14
Civic,Audi,N537,Negro,2019,15342,Sí,Eléctrico,143,339444942,2024-11-14
X5,BMW,I548,Gris,2020,40899,Sí,Diesel,73,711650896,2024-11-14
X5,BMW,K151,Blanco,2019,12051,Sí,Diesel,106,293198898,2024-11-14
Corolla,Toyota,C889,Azul,2022,36985,No,Gasolina,114,998171045,2024-11-14
Model S,Audi,N347,Gris,2020,39538,No,Eléctrico,109,518661973,2024-11-14
Accord,Tesla,V725,Negro,2023,14420,No,Eléctrico,42,495642039,2024-11-14
A4,Ford,R860,Azul,2020,8967,No,Gasolina,115,190159589,2024-11-14
Mustang,Ford,R708,Gris,2018,22222,No,Gasolina,143,625654430,2024-11-14
Civic,Audi,P434,Rojo,2023,1460,No,Gasolina,41,532353467,2024-11-14
Civic,Ford,B527,Azul,2018,38312,Sí,Diesel,93,369340998,2024-11-14
Civic,Ford,F927,Blanco,2022,37964,No,Diesel,67,762023764,2024-11-14
Civic,Audi,J633,Blanco,2022,30379,Sí,Gasolina,107,846376211,2024-11-14
A4,Toyota,B672,Rojo,2019,27827,No,Diesel,48,739936730,2024-11-14
Accord,Tesla,S767,Rojo,2018,8300,Sí,Diesel,120,781630230,2024-11-14
Civic,Honda,J139,Blanco,2019,37371,No,Gasolina,138,749484629,2024-11-14
Camry,Toyota,J850,Azul,2023,20792,Sí,Eléctrico,101,402162357,2024-11-14
Civic,Tesla,B867,Azul,2023,36047,Sí,Eléctrico,100,342315536,2024-11-14
Corolla,Honda,G418,Negro,2023,41866,No,Diesel,136,771501881,2024-11-14
Mustang,Toyota,D904,Blanco,2022,35115,No,Gasolina,68,854675086,2024-11-14
X5,Audi,V254,Gris,2022,21159,Sí,Gasolina,111,359911017,2024-11-14
X5,Honda,I803,Blanco,2021,39369,No,Gasolina,91,664176650,2024-11-14
Model S,Tesla,F233,Negro,2019,20578,Sí,Gasolina,106,706959002,2024-11-14
Camry,BMW,U802,Negro,2020,47646,Sí,Eléctrico,92,561479836,2024-11-14
Civic,Honda,F879,Blanco,2020,23225,Sí,Gasolina,129,546230573,2024-11-14
Civic,BMW,S737,Azul,2020,26816,Sí,Diesel,102,608643028,2024-11-14
Mustang,BMW,I353,Negro,2023,29712,No,Gasolina,80,581164584,2024-11-14
Model S,Toyota,L408,Rojo,2022,11447,Sí,Diesel,90,894905913,2024-11-14
Mustang,Tesla,J839,Gris,2023,12887,Sí,Gasolina,55,942200355,2024-11-14
Model 3,Ford,B952,Azul,2022,24069,No,Diesel,60,522932593,2024-11-14
Accord,Audi,W628,Negro,2021,43005,Sí,Eléctrico,40,642336621,2024-11-14
Model S,Tesla,Q313,Negro,2022,22224,Sí,Diesel,145,957516993,2024-11-14
Mustang,Toyota,K954,Blanco,2022,26781,Sí,Diesel,77,126278864,2024-11-14
Model 3,Honda,Q531,Azul,2019,10302,Sí,Eléctrico,88,126855736,2024-11-14
Mustang,BMW,R362,Blanco,2022,42047,Sí,Eléctrico,137,620304548,2024-11-14
Model S,Toyota,R373,Gris,2018,14531,No,Diesel,133,339856976,2024-11-14
Model 3,Ford,M490,Blanco,2021,11809,No,Diesel,103,761070293,2024-11-14
Model S,Toyota,N762,Azul,2021,35397,No,Gasolina,131,392802871,2024-11-14
Model 3,Toyota,I273,Blanco,2023,30768,No,Gasolina,141,372550892,2024-11-14
Accord,Honda,Y543,Rojo,2018,19609,No,Gasolina,50,269238130,2024-11-14
Corolla,Toyota,N913,Azul,2023,27774,Sí,Diesel,120,650335274,2024-11-14
Mustang,BMW,G399,Negro,2020,3019,Sí,Eléctrico,52,250586535,2024-11-14
Civic,BMW,S120,Gris,2019,39608,No,Diesel,84,492416256,2024-11-14
Mustang,BMW,E651,Azul,2020,35064,Sí,Gasolina,57,589792872,2024-11-14
Civic,Honda,E874,Gris,2023,35328,No,Eléctrico,96,256089410,2024-11-14
Model 3,Ford,A142,Gris,2019,34746,Sí,Eléctrico,114,813202321,2024-11-14
Model 3,Honda,C165,Azul,2023,3880,No,Eléctrico,76,809356799,2024-11-14
Accord,Honda,N188,Azul,2018,47775,No,Diesel,81,224664706,2024-11-14
Camry,Audi,I293,Azul,2022,2159,Sí,Gasolina,86,325142072,2024-11-14
Civic,Audi,L946,Blanco,2022,44315,No,Diesel,69,588434135,2024-11-14
A4,Toyota,O330,Blanco,2019,10539,Sí,Diesel,85,732221572,2024-11-14
Model S,Honda,F725,Gris,2022,41598,No,Eléctrico,146,208357258,2024-11-14
A4,Honda,N200,Azul,2019,36692,No,Eléctrico,105,440193539,2024-11-14
Model 3,Audi,S446,Rojo,2019,3172,No,Eléctrico,145,933223508,2024-11-14
Model 3,Audi,K985,Rojo,2023,31140,Sí,Gasolina,75,199227759,2024-11-14
Civic,Tesla,V372,Blanco,2019,27043,Sí,Eléctrico,81,747826582,2024-11-14
Camry,Toyota,K283,Blanco,2021,21560,Sí,Diesel,77,115723542,2024-11-14
Accord,Tesla,Z168,Rojo,2022,24561,Sí,Eléctrico,115,829130374,2024-11-14
Civic,Audi,B503,Negro,2021,1709,Sí,Gasolina,47,909013134,2024-11-14
Accord,BMW,Y667,Gris,2019,28012,No,Diesel,106,712637484,2024-11-14
A4,Audi,R381,Negro,2019,45074,No,Gasolina,110,714256470,2024-11-14
Civic,Tesla,C565,Gris,2018,44591,No,Gasolina,54,447849413,2024-11-14
Accord,Tesla,S375,Negro,2022,43300,Sí,Eléctrico,122,415100406,2024-11-14
Model S,Honda,Y328,Gris,2019,17159,No,Gasolina,119,196159147,2024-11-14
Mustang,Toyota,Z178,Azul,2023,17914,No,Diesel,60,155954455,2024-11-14
Camry,BMW,O136,Rojo,2018,24767,No,Diesel,125,615721897,2024-11-14
Model S,Ford,Z823,Azul,2019,21659,No,Gasolina,80,190950168,2024-11-14
Accord,Toyota,E775,Negro,2023,35049,No,Diesel,84,887522319,2024-11-14
Civic,Ford,B872,Blanco,2021,45669,No,Gasolina,129,828209859,2024-11-14
Model S,BMW,E333,Azul,2020,13831,No,Eléctrico,122,899845137,2024-11-14
Model S,Tesla,A168,Gris,2023,26580,No,Eléctrico,148,790112276,2024-11-14
Corolla,Ford,G147,Gris,2022,15469,No,Diesel,139,878939139,2024-11-14
Mustang,BMW,W814,Gris,2018,21682,Sí,Diesel,85,795314094,2024-11-14
Model 3,Audi,Y441,Blanco,2019,22558,Sí,Eléctrico,109,876552563,2024-11-14
Civic,Audi,J795,Azul,2018,22162,Sí,Gasolina,73,566760856,2024-11-14
Accord,Tesla,S576,Rojo,2023,46373,Sí,Gasolina,77,284420125,2024-11-14
Mustang,Tesla,N579,Azul,2023,25888,Sí,Eléctrico,77,388108012,2024-11-14
Mustang,Tesla,Y956,Azul,2023,24242,Sí,Gasolina,145,167361933,2024-11-14
A4,Toyota,P444,Negro,2021,26644,No,Diesel,63,400179529,2024-11-14
Model S,BMW,H552,Rojo,2018,18898,No,Gasolina,118,521669999,2024-11-14
Civic,Audi,U165,Azul,2018,6587,Sí,Diesel,110,667212973,2024-11-14
Mustang,Ford,S255,Negro,2021,38313,No,Eléctrico,133,881092650,2024-11-14
Mustang,Tesla,J608,Gris,2018,4427,No,Diesel,141,903646912,2024-11-14
Corolla,Toyota,J374,Azul,2023,41469,No,Gasolina,81,909126140,2024-11-14
Mustang,Tesla,G303,Blanco,2021,20722,Sí,Eléctrico,123,261041629,2024-11-14
Accord,Ford,C940,Rojo,2021,6165,Sí,Eléctrico,147,100442931,2024-11-14
Civic,Toyota,I427,Blanco,2023,3876,Sí,Gasolina,41,431027692,2024-11-14
Civic,Toyota,T719,Rojo,2022,16292,Sí,Gasolina,138,718860330,2024-11-14
Mustang,Toyota,B471,Gris,2020,16069,No,Gasolina,127,946295943,2024-11-14
Civic,Toyota,W421,Blanco,2023,36437,Sí,Eléctrico,48,797693466,2024-11-14
Model 3,Toyota,R242,Rojo,2020,25627,No,Gasolina,49,274511873,2024-11-14
Civic,Toyota,N563,Azul,2023,37216,No,Gasolina,127,478933102,2024-11-14
X5,Toyota,L810,Rojo,2022,12064,Sí,Gasolina,70,469677167,2024-11-14
A4,Audi,X357,Blanco,2022,18487,Sí,Gasolina,69,748418830,2024-11-14
Model S,Toyota,T157,Gris,2020,13250,No,Diesel,50,989020913,2024-11-14
Camry,Honda,D530,Gris,2021,47406,No,Diesel,102,388854740,2024-11-14
Model S,BMW,M379,Negro,2018,29408,No,Diesel,139,904108393,2024-11-14
Corolla,Toyota,T290,Negro,2021,28076,Sí,Gasolina,52,136274432,2024-11-14
Civic,Toyota,M131,Gris,2020,4157,No,Eléctrico,104,948360738,2024-11-14
Civic,Toyota,G902,Gris,2020,6407,No,Eléctrico,66,289809155,2024-11-14
Camry,Honda,T875,Negro,2022,42466,Sí,Eléctrico,134,504399831,2024-11-14
Model 3,Toyota,Y752,Azul,2018,13229,No,Diesel,140,555184308,2024-11-14
Civic,BMW,Y849,Negro,2022,9201,Sí,Diesel,59,692488988,2024-11-14
Civic,Toyota,G930,Rojo,2020,15520,Sí,Diesel,140,594790596,2024-11-14
Model S,Honda,C286,Azul,2018,21688,No,Diesel,73,547114904,2024-11-14
Accord,Tesla,S884,Azul,2020,29429,Sí,Diesel,98,714692535,2024-11-14
Model S,BMW,T592,Azul,2019,42629,No,Gasolina,106,342938234,2024-11-14
Mustang,Honda,G825,Gris,2020,34343,No,Gasolina,83,413683979,2024-11-14
Model 3,Tesla,M168,Blanco,2018,9884,Sí,Eléctrico,101,670225475,2024-11-14
X5,BMW,L636,Rojo,2019,20139,Sí,Diesel,134,642163431,2024-11-14
Mustang,Ford,Z547,Negro,2021,49874,Sí,Gasolina,45,118710567,2024-11-14
A4,Audi,X237,Azul,2018,12832,Sí,Diesel,90,862525871,2024-11-14
Accord,Ford,G775,Blanco,2022,30501,No,Gasolina,140,380641764,2024-11-14
Civic,Honda,W630,Rojo,2019,27424,No,Diesel,116,628661361,2024-11-14
Mustang,Audi,N978,Gris,2018,26847,Sí,Diesel,124,952964716,2024-11-14
Model S,BMW,P805,Rojo,2023,34173,No,Diesel,124,576645839,2024-11-14
Civic,Ford,M356,Blanco,2022,42323,No,Gasolina,91,879655673,2024-11-14
Camry,Ford,P584,Negro,2019,17629,Sí,Eléctrico,51,408811254,2024-11-14
Civic,Honda,L515,Blanco,2018,13384,No,Gasolina,81,322847936,2024-11-14
Corolla,Toyota,S313,Blanco,2021,40183,No,Gasolina,72,851282313,2024-11-14
Model S,Ford,A170,Negro,2019,11817,Sí,Eléctrico,62,208297199,2024-11-14
Mustang,Toyota,Q650,Rojo,2020,35736,No,Gasolina,84,201009669,2024-11-14
Accord,Audi,S535,Blanco,2022,20309,No,Gasolina,62,187983892,2024-11-14
X5,Toyota,F666,Gris,2021,20891,Sí,Diesel,55,703322814,2024-11-14
Civic,Toyota,M799,Gris,2019,9779,Sí,Gasolina,113,752728388,2024-11-14
Accord,Tesla,F260,Negro,2018,45689,Sí,Gasolina,90,862052128,2024-11-14
Corolla,Honda,E838,Gris,2021,23411,No,Diesel,72,295059494,2024-11-14
Civic,Honda,X767,Gris,2018,32809,Sí,Gasolina,143,143629512,2024-11-14
Accord,Ford,X450,Azul,2022,32309,Sí,Gasolina,87,289030012,2024-11-14
A4,Toyota,B628,Negro,2018,10112,Sí,Diesel,119,290939307,2024-11-14
Corolla,Toyota,H823,Gris,2023,8885,Sí,Eléctrico,40,359650754,2024-11-14
Camry,Audi,D332,Azul,2020,36545,No,Eléctrico,45,619911171,2024-11-14
A4,Tesla,I491,Azul,2018,28382,Sí,Diesel,120,105557832,2024-11-14
Mustang,Honda,W183,Rojo,2019,17854,No,Diesel,105,665533667,2024-11-14
Civic,Audi,Q583,Rojo,2018,29180,Sí,Gasolina,99,577696721,2024-11-14
Mustang,Ford,F394,Rojo,2022,19534,Sí,Eléctrico,98,846406765,2024-11-14
A4,Ford,F132,Gris,2022,39872,Sí,Diesel,141,278568184,2024-11-14
Model S,BMW,T155,Blanco,2022,35488,Sí,Eléctrico,108,720917885,2024-11-14
Accord,Honda,A272,Rojo,2021,5319,No,Diesel,81,220724751,2024-11-14
Model 3,BMW,F953,Gris,2018,41265,Sí,Gasolina,139,309075633,2024-11-14
Mustang,Ford,G804,Blanco,2020,23788,No,Diesel,119,245760875,2024-11-14
A4,Ford,R598,Negro,2022,10227,Sí,Gasolina,125,218349799,2024-11-14
Accord,Tesla,U992,Azul,2023,8359,No,Diesel,43,437247212,2024-11-14
Model 3,BMW,E685,Gris,2023,39573,Sí,Gasolina,68,594109167,2024-11-14
Civic,Honda,U943,Gris,2018,31035,No,Diesel,142,873772533,2024-11-14
